,author,year,title,climate_damage_ratio,climate_conflict_ratio,climate_threat_ratio,adaptation_conflict_ratio,mitigation_damage_ratio,co2,co2_growth_prct,co2_growth_abs,co2_per_capita,cumulative_co2,coal_co2,coal_co2_per_capita,cumulative_coal_co2
0,fadeyibi etal,2020,Ecological.txt,0.226415094,0.924050633,0.757225434,0.636363636,-0.448275862,34807.259,-5.16,-1895.244,4.465,1696524.177,13976.098,1.793,788362.044
1,kilavuz and dogan,2020,Economic growt.txt,-0.258741259,0.909090909,0.111111111,0.739130435,0.747572816,34807.259,-5.16,-1895.244,4.465,1696524.177,13976.098,1.793,788362.044
2,reay,2015,Thermal energy storage.txt,0.825613079,0.622641509,0.545454545,0.333333333,-0.454545455,35496.406,-0.11,-38.037,4.81,1516990.078,14718.203,1.994,716280.251
3,zhong,2019,Technology.txt,-0.157894737,0.5,-0.36,0,-0.513513514,36702.503,0.15,56.363,4.758,1661716.918,14573.219,1.889,774385.946
4,wuetal,2020,Application.txt,-0.714285714,0.957446809,0.853658537,0.454545455,-0.161290323,34807.259,-5.16,-1895.244,4.465,1696524.177,13976.098,1.793,788362.044
5,Yuanlong etal,2020,heating systems for.txt,0.664646465,0.793103448,0.876160991,0.675675676,0.010309278,34807.259,-5.16,-1895.244,4.465,1696524.177,13976.098,1.793,788362.044
6,Khandelwal etal,2007,hybrid photovoltaic.txt,0.652173913,0.789473684,0.909090909,-0.125,-0.609756098,31493.742,2.98,910.212,4.696,1244213.89,12811.338,1.91,601452.662
7,Ge etal,2009,water absorption.txt,0.641666667,0.975609756,1,0.333333333,-0.25,31607.042,-1.44,-462.402,4.599,1307890.377,13067.147,1.901,627754.514
8,esfahankalteh,2020,Achieving.txt,0.815384615,0.975903614,0.859649123,0.285714286,-0.1,34807.259,-5.16,-1895.244,4.465,1696524.177,13976.098,1.793,788362.044
9,An etal,2014,Efficiency of household.txt,0.346153846,0.942446043,0.950877193,1,0.6,35534.443,0.71,251.418,4.871,1481493.672,15062.902,2.065,701562.049
10,jouhara,2009,wraparound.txt,0.904328018,0.333333333,0.954415954,-0.714285714,-0.475409836,31607.042,-1.44,-462.402,4.599,1307890.377,13067.147,1.901,627754.514
11,Zisisetal,2006,heat.txt,0.655913978,0.969230769,0.739130435,-0.25,0.391304348,30583.53,3.31,980.753,4.617,1212720.149,12222.242,1.845,588641.324
12,hegazy and helmi,2020,Spatial monitorin.txt,-0.0625,1,0.945945946,-0.5,-0.142857143,34807.259,-5.16,-1895.244,4.465,1696524.177,13976.098,1.793,788362.044
13,chen etal,2012,lessons learnt from an operating analysis.txt,0.819095477,1,-0.582278481,0.487179487,-0.253968254,34974.075,1.47,505.624,4.908,1410676.204,14949.697,2.098,671456.267
14,gupta etal,2019,analysis of.txt,0.428571429,0.987730061,0.92,-0.25,-0.12195122,36702.503,0.15,56.363,4.758,1661716.918,14573.219,1.889,774385.946
15,safira,2020,Thermal.txt,0.395833333,0.924050633,0.658536585,0.777777778,0.384615385,34807.259,-5.16,-1895.244,4.465,1696524.177,13976.098,1.793,788362.044
16,Varga etal,2009,cooling system.txt,0.76,0.714285714,0.789473684,0.80952381,0.353846154,31607.042,-1.44,-462.402,4.599,1307890.377,13067.147,1.901,627754.514
17,liang and shi,2020,Efficiency evaluatio.txt,0.545454545,0.950819672,0.04,1,-0.3,34807.259,-5.16,-1895.244,4.465,1696524.177,13976.098,1.793,788362.044
18,khoshbazan etal,2018,Thermo economic analy.txt,0.615384615,0.833333333,0.736842105,0.333333333,0.5,36646.14,2.01,720.402,4.802,1625014.415,14718.145,1.929,759812.726
19,herdt etal,2016,Newly invented biobased.txt,-0.296296296,1,0.911111111,0.75,0.45,35452.459,-0.12,-43.947,4.75,1552442.538,14360.628,1.924,730640.879
20,shen etal,2013,Simulating.txt,0.551282051,0.958083832,0.943181818,0.238095238,0.111111111,35283.025,0.88,308.95,4.893,1445959.229,15042.88,2.086,686499.147
21,Renzato etal,2007,system based on water.txt,0.936507937,0.957746479,0.648351648,0,-0.294117647,31493.742,2.98,910.212,4.696,1244213.89,12811.338,1.91,601452.662
22,Rattanongphisat,2008,Thermal separation.txt,0.746341463,0.898305085,0.621621622,0.090909091,0.208333333,32069.444,1.83,575.702,4.724,1276283.334,13234.705,1.949,614687.367
23,onyelowe,2019,Recycling.txt,-0.26618705,0.945945946,0.633802817,0.5,0.068965517,36702.503,0.15,56.363,4.758,1661716.918,14573.219,1.889,774385.946
24,hegazy etal,2017,Towards.txt,-0.073684211,0.905511811,0.963414634,-0.6,0.333333333,35925.738,1.33,473.278,4.76,1588368.275,14453.702,1.915,745094.581
25,victor,2013,loop heat.txt,0.739837398,0.8125,0.674418605,0.272727273,-0.25,35283.025,0.88,308.95,4.893,1445959.229,15042.88,2.086,686499.147
26,elmer etal,2016,Experimental.txt,0.87202381,0.984615385,0.799043062,0.538461538,0.025641026,35452.459,-0.12,-43.947,4.75,1552442.538,14360.628,1.924,730640.879
27,wu etal,2011,Hydrogen.txt,0.328467153,0.777777778,0.557251908,0.166666667,-0.173913043,34468.451,3.37,1125.151,4.895,1375702.128,14781.225,2.099,656506.57
28,xiao,2012,reactive.txt,-0.575757576,0.857142857,0.644067797,1,0,34974.075,1.47,505.624,4.908,1410676.204,14949.697,2.098,671456.267
29,marchetti,2010,Production.txt,0.375,0.846153846,0.743589744,0.454545455,-0.428571429,33343.3,5.49,1736.258,4.793,1341233.677,13970.832,2.008,641725.345
30,li and zhang,2020,Ecological efficiency.txt,0.428571429,0.9140625,0.103448276,0.333333333,-0.555555556,34807.259,-5.16,-1895.244,4.465,1696524.177,13976.098,1.793,788362.044
31,graham etal,2012,Degradati.txt,-0.31147541,0.934747145,0,1,-0.288888889,34974.075,1.47,505.624,4.908,1410676.204,14949.697,2.098,671456.267
32,fu etal,2009,co2 emission.txt,-1,0.98245614,-0.015384615,-0.142857143,-0.724137931,31607.042,-1.44,-462.402,4.599,1307890.377,13067.147,1.901,627754.514
33,ranjan,2013,Economic.txt,0.431818182,0.97029703,0.696202532,0.538461538,-0.405405405,35283.025,0.88,308.95,4.893,1445959.229,15042.88,2.086,686499.147
34,buyadgie etal,2015,Solar low.txt,0.802469136,0.84,0.792592593,1,0.043478261,35496.406,-0.11,-38.037,4.81,1516990.078,14718.203,1.994,716280.251
35,mukherijee,2012,Estimation.txt,-0.117647059,1,0.38028169,0.741935484,-0.466666667,34974.075,1.47,505.624,4.908,1410676.204,14949.697,2.098,671456.267
36,sun,2019,Investigation.txt,0.666666667,0.405405405,-0.771428571,0.428571429,-0.448275862,36702.503,0.15,56.363,4.758,1661716.918,14573.219,1.889,774385.946
37,zhangetal,2012,Gascleaning.txt,0.489361702,0.870967742,0.636363636,0.448275862,-0.436619718,34974.075,1.47,505.624,4.908,1410676.204,14949.697,2.098,671456.267
38,Bozonnet etal,2013,urban fluxes.txt,0.532228361,0.928057554,0.436363636,0.333333333,0.070422535,35283.025,0.88,308.95,4.893,1445959.229,15042.88,2.086,686499.147
39,georges,2013,Design.txt,0.391304348,0.835294118,0.428571429,0.902439024,0.411764706,35283.025,0.88,308.95,4.893,1445959.229,15042.88,2.086,686499.147
40,knez etal,2014,A sustainable transport.txt,-0.127272727,0.972899729,0.528784648,0.708411215,0.449606862,35534.443,0.71,251.418,4.871,1481493.672,15062.902,2.065,701562.049
41,Laseinde and Ramere,2018,vertical support.txt,0.8125,0.904761905,0.914893617,0.915966387,0.790893761,36646.14,2.01,720.402,4.802,1625014.415,14718.145,1.929,759812.726
42,Kim etal,2009,cooling effect and potable water.txt,0.830508475,0.8,0.581395349,-0.04,0.52,31607.042,-1.44,-462.402,4.599,1307890.377,13067.147,1.901,627754.514
43,Amanda Sabo,2016,impacts and response.txt,0.083756345,0.943925234,0.842105263,0.555555556,0.64,35452.459,-0.12,-43.947,4.75,1552442.538,14360.628,1.924,730640.879
44,harikrishnan,2011,Effect of.txt,0.50660793,0.955555556,0.987096774,0.333333333,0.294117647,34468.451,3.37,1125.151,4.895,1375702.128,14781.225,2.099,656506.57
45,iwaro etal,2014,An integrated approac.txt,0.023255814,0.925465839,0.797468354,0.8,0.483870968,35534.443,0.71,251.418,4.871,1481493.672,15062.902,2.065,701562.049
46,hegazy,2020,Toward efficient energy con.txt,0.392405063,0.25,0.975308642,0.857142857,-0.047619048,34807.259,-5.16,-1895.244,4.465,1696524.177,13976.098,1.793,788362.044
47,Fan etal,2017,intermittent supply.txt,0.747126437,0.913978495,0.857142857,0.555555556,-0.026315789,35925.738,1.33,473.278,4.76,1588368.275,14453.702,1.915,745094.581
48,varga,2010,Comparison.txt,0.376623377,1,0.958823529,0.875,-0.130434783,33343.3,5.49,1736.258,4.793,1341233.677,13970.832,2.008,641725.345
49,jiang etal,2013, Design and performan.txt,0.940594059,0.866666667,0.940540541,0.75,0.255813953,35283.025,0.88,308.95,4.893,1445959.229,15042.88,2.086,686499.147
50,Mohammad etal,2020,wind farm.txt,0.495145631,0.619047619,0.776119403,0.777777778,0.166666667,34807.259,-5.16,-1895.244,4.465,1696524.177,13976.098,1.793,788362.044
51,ghalamchi,2016,Evolving.txt,0.745762712,0.910614525,0.870967742,0.9,0.117647059,35452.459,-0.12,-43.947,4.75,1552442.538,14360.628,1.924,730640.879
52,sawant,2011,Performance.txt,0.743589744,0.89380531,0.969465649,0.818181818,0.705882353,34468.451,3.37,1125.151,4.895,1375702.128,14781.225,2.099,656506.57
53,veselov,2010,Impact.txt,-0.111111111,0.928571429,0.740112994,0.643564356,0.484662577,33343.3,5.49,1736.258,4.793,1341233.677,13970.832,2.008,641725.345
54,inyang,2020,Reactive.txt,-0.736111111,0.333333333,0.780487805,-0.189189189,-0.03030303,34807.259,-5.16,-1895.244,4.465,1696524.177,13976.098,1.793,788362.044
55,bouaid etal,2012,Optimization.txt,-0.186440678,0.777777778,0.81420765,0.272727273,-0.333333333,34974.075,1.47,505.624,4.908,1410676.204,14949.697,2.098,671456.267
56,huang etal,2020,Comparative investig.txt,0.745454545,0.833333333,0.984126984,0.833333333,0.407407407,34807.259,-5.16,-1895.244,4.465,1696524.177,13976.098,1.793,788362.044
57,goshayeshi and chaer,2016,Comparison.txt,0.631578947,-0.090909091,0.91509434,0.666666667,0.066666667,35452.459,-0.12,-43.947,4.75,1552442.538,14360.628,1.924,730640.879
58,yan etal,2020,energy.txt,0.583333333,0.948717949,0.880239521,-0.166666667,-0.083333333,34807.259,-5.16,-1895.244,4.465,1696524.177,13976.098,1.793,788362.044
59,yandri,2018,Uniformity.txt,0.083333333,0.850746269,0.917159763,-0.2,0.238095238,36646.14,2.01,720.402,4.802,1625014.415,14718.145,1.929,759812.726
60,sandhu,2011,Investigations.txt,0.096153846,0.962441315,0.879396985,-0.142857143,-0.692307692,34468.451,3.37,1125.151,4.895,1375702.128,14781.225,2.099,656506.57
61,jareemit and canyookt,2020,Residential.txt,0.536945813,0.2,0.215686275,-0.619047619,-0.438202247,34807.259,-5.16,-1895.244,4.465,1696524.177,13976.098,1.793,788362.044
62,ayou etal,2013,Analysis.txt,0.689655172,-0.333333333,0.333333333,0.076923077,-0.118644068,35283.025,0.88,308.95,4.893,1445959.229,15042.88,2.086,686499.147
63,kan etal,2010,Exergoeconomic performance.txt,0.679012346,0.88,0.884615385,0.272727273,0.347826087,33343.3,5.49,1736.258,4.793,1341233.677,13970.832,2.008,641725.345
64,Bottarelli etal,2017,tile covering.txt,0.746938776,0.166666667,0.78313253,0.75,-0.6,35925.738,1.33,473.278,4.76,1588368.275,14453.702,1.915,745094.581
65,Zhang etal,2016,indoor air thermal.txt,0.844262295,0.517241379,0.949367089,1,-0.571428571,35452.459,-0.12,-43.947,4.75,1552442.538,14360.628,1.924,730640.879
66,hui and ma,2016,Analysis of environmental.txt,-0.256410256,0.988764045,0.95412844,0.333333333,0,35452.459,-0.12,-43.947,4.75,1552442.538,14360.628,1.924,730640.879
67,wuetal,2018,Indoor.txt,1,0.976047904,0.333333333,0.304347826,0.090909091,36646.14,2.01,720.402,4.802,1625014.415,14718.145,1.929,759812.726
68,Karlessi etal,2013,thermo.txt,-0.01,0.928571429,0.947194719,0.538461538,0.046153846,35283.025,0.88,308.95,4.893,1445959.229,15042.88,2.086,686499.147
69,sahu,2017,parametric.txt,0.324840764,0.933333333,0.927125506,0.6,-0.181818182,35925.738,1.33,473.278,4.76,1588368.275,14453.702,1.915,745094.581
70,zhou,2020,Cross.txt,-0.375,0.666666667,0.789473684,0.333333333,-0.103448276,34807.259,-5.16,-1895.244,4.465,1696524.177,13976.098,1.793,788362.044
71,kong,2020,Optimal.txt,0.604395604,0.972222222,0.945454545,0.076923077,0.25,34807.259,-5.16,-1895.244,4.465,1696524.177,13976.098,1.793,788362.044
72,zhou,2012,Research.txt,0.830508475,1,0.866666667,0.692307692,0.225806452,34974.075,1.47,505.624,4.908,1410676.204,14949.697,2.098,671456.267
73,zishang,2012,Assessment.txt,0.508379888,0.87755102,0.828571429,0.692307692,0.64516129,34974.075,1.47,505.624,4.908,1410676.204,14949.697,2.098,671456.267
74,alqahtani,2020,Building enve.txt,0.696202532,0.771428571,0.756097561,0.916666667,0.085714286,34807.259,-5.16,-1895.244,4.465,1696524.177,13976.098,1.793,788362.044
75,ikedi etal,2016,Numerical asse.txt,0.344827586,-0.142857143,0.6,-1,-0.272727273,35452.459,-0.12,-43.947,4.75,1552442.538,14360.628,1.924,730640.879
76,aaditya,2012,Climate responsive.txt,0.530769231,0.882352941,0.75,0.833333333,0.375,34974.075,1.47,505.624,4.908,1410676.204,14949.697,2.098,671456.267
77,gordeeva etal,2012,Composites.txt,0.776223776,0.971291866,0.941176471,0,0.272727273,34974.075,1.47,505.624,4.908,1410676.204,14949.697,2.098,671456.267
78,riffat,2011,Areview.txt,0.712887439,0.333333333,0.993150685,0.428571429,-0.235294118,34468.451,3.37,1125.151,4.895,1375702.128,14781.225,2.099,656506.57
79,Mudie etal,2013,comercial kitchen.txt,0.258064516,0.964705882,0.846153846,-0.142857143,-0.428571429,35283.025,0.88,308.95,4.893,1445959.229,15042.88,2.086,686499.147
80,jahnke etal,2013,First cycle simulations of t.txt,0.605095541,0.7,0.511111111,0.142857143,-0.448275862,35283.025,0.88,308.95,4.893,1445959.229,15042.88,2.086,686499.147
81,gao etal,2018,Comparis.txt,0.927492447,0.908396947,0.870967742,0.578947368,0,36646.14,2.01,720.402,4.802,1625014.415,14718.145,1.929,759812.726
82,ouelhazi,2020,Parametric.txt,0.476635514,1,0.878787879,0.076923077,0.545454545,34807.259,-5.16,-1895.244,4.465,1696524.177,13976.098,1.793,788362.044
83,saad,2019,Numerical.txt,-0.652173913,0.764705882,0.931034483,0.75,-0.333333333,36702.503,0.15,56.363,4.758,1661716.918,14573.219,1.889,774385.946
84,bensebaa etal,2016,potential application for solar thermal absorber.txt,-0.111111111,0.978021978,0.925233645,0.769230769,0.085714286,35452.459,-0.12,-43.947,4.75,1552442.538,14360.628,1.924,730640.879
85,ferron etal,2011,custom.txt,0.585585586,0.986970684,0.555555556,0.333333333,-0.641025641,34468.451,3.37,1125.151,4.895,1375702.128,14781.225,2.099,656506.57
86,haghighi and maerefat,2014,Design.txt,0.645051195,1,0.960784314,0.75,0.290322581,35534.443,0.71,251.418,4.871,1481493.672,15062.902,2.065,701562.049
87,alqahtani,2019,The effect.txt,0.510204082,1,0.845238095,0.824817518,0.205020921,36702.503,0.15,56.363,4.758,1661716.918,14573.219,1.889,774385.946
88,busato etal,2013,Multisource.txt,0.804195804,0.987096774,0.912698413,-0.5,-0.288888889,35283.025,0.88,308.95,4.893,1445959.229,15042.88,2.086,686499.147
89,chen etal,2016,Modeling.txt,0.814977974,0.824561404,0.764705882,0.714285714,0.826086957,35452.459,-0.12,-43.947,4.75,1552442.538,14360.628,1.924,730640.879
90,hundt and reddy,2011,Algal biodiesel product.txt,-0.103448276,-0.06122449,0.881481481,-0.666666667,0.263157895,34468.451,3.37,1125.151,4.895,1375702.128,14781.225,2.099,656506.57
91,shang etal,2016,Hybrid hydrogen.txt,-0.085714286,0.714285714,0.962962963,0.538461538,0.052631579,35452.459,-0.12,-43.947,4.75,1552442.538,14360.628,1.924,730640.879
92,ghazali,2017,Feasibilit.txt,-0.357142857,0.907692308,0.949152542,1,0.333333333,35925.738,1.33,473.278,4.76,1588368.275,14453.702,1.915,745094.581
93,ji etal,2014,Approach of a solar buil.txt,0.930348259,0.936507937,0.933774834,0.5,0.066666667,35534.443,0.71,251.418,4.871,1481493.672,15062.902,2.065,701562.049
94,Lee etal,2017,Cooling combinations.txt,0.906976744,0.975903614,0.971830986,0.333333333,0.555555556,35925.738,1.33,473.278,4.76,1588368.275,14453.702,1.915,745094.581
95,Song,2020,coal dust.txt,0.291666667,0.993846154,0.176470588,0.388888889,-0.285714286,34807.259,-5.16,-1895.244,4.465,1696524.177,13976.098,1.793,788362.044
96,kumar etal,2019,A review status on alternativ.txt,0.136986301,0.933333333,0.4,0.777777778,0.636363636,36702.503,0.15,56.363,4.758,1661716.918,14573.219,1.889,774385.946
97,kalogirus,2013,Building integration.txt,0.445544554,0.931034483,0.219512195,0.72972973,0.426229508,35283.025,0.88,308.95,4.893,1445959.229,15042.88,2.086,686499.147
98,avgerinos etal,2016,Experimental stu.txt,0.614035088,0.57904007,0.703703704,0.666666667,0.340206186,35452.459,-0.12,-43.947,4.75,1552442.538,14360.628,1.924,730640.879
99,Fan etal,2018,cooling load prediction.txt,0.694915254,0.857142857,0.435897436,0.769230769,-0.344827586,36646.14,2.01,720.402,4.802,1625014.415,14718.145,1.929,759812.726
100,meng etal,2010,Multiobjective analyses.txt,0.718309859,-0.565217391,0.891891892,-1,-0.090909091,33343.3,5.49,1736.258,4.793,1341233.677,13970.832,2.008,641725.345
101,ali ahmadi,2016,Modeling solubility of carb.txt,0.132075472,0.981651376,0.904255319,1,0.161290323,35452.459,-0.12,-43.947,4.75,1552442.538,14360.628,1.924,730640.879
102,nwanya,2011,Climatechange.txt,-0.048780488,0.363636364,0.923076923,0.942857143,0.533333333,34468.451,3.37,1125.151,4.895,1375702.128,14781.225,2.099,656506.57
103,Allison,2014,thermal energy storage.txt,0.668874172,0.6,0.912663755,1,0.254901961,35534.443,0.71,251.418,4.871,1481493.672,15062.902,2.065,701562.049
104,zhu,2016,Performance.txt,0.797979798,1,0.9,,0.666666667,35452.459,-0.12,-43.947,4.75,1552442.538,14360.628,1.924,730640.879
105,bottarelli,2012,Numerical.txt,0.793103448,0.945205479,0.706666667,0.333333333,-0.294117647,34974.075,1.47,505.624,4.908,1410676.204,14949.697,2.098,671456.267
106,shao etal,2015,Wireless Energy.txt,-0.660377358,1,0.865853659,0.6,0.170731707,35496.406,-0.11,-38.037,4.81,1516990.078,14718.203,1.994,716280.251
107,shattat,2012,Water.txt,0.705426357,0.97260274,0.896551724,0.555555556,-0.333333333,34974.075,1.47,505.624,4.908,1410676.204,14949.697,2.098,671456.267
108,sabitha,2011,global.txt,-0.044585987,0.904109589,0.967741935,-0.142857143,-0.333333333,34468.451,3.37,1125.151,4.895,1375702.128,14781.225,2.099,656506.57
109,almosawi,2020,Synergistic effect of.txt,-0.225806452,0.846153846,0.916666667,-0.565217391,0,34807.259,-5.16,-1895.244,4.465,1696524.177,13976.098,1.793,788362.044
110,chen etal,2012,Thermodynamic.txt,0.115384615,0.882352941,0.892720307,0.473684211,0.265306122,34974.075,1.47,505.624,4.908,1410676.204,14949.697,2.098,671456.267
111,pilpola,2019,Energy.txt,0.594339623,0.463414634,0.950207469,,0.454545455,36702.503,0.15,56.363,4.758,1661716.918,14573.219,1.889,774385.946
112,woo etal,2009,The performance.txt,-0.481481481,0.991769547,0.908396947,0.829787234,0,31607.042,-1.44,-462.402,4.599,1307890.377,13067.147,1.901,627754.514
113,wang,2017,Microstructure.txt,0.137614679,-0.076923077,0.619047619,0.428571429,0.151515152,35925.738,1.33,473.278,4.76,1588368.275,14453.702,1.915,745094.581
114,redpath,2014,evacuated.txt,0.711340206,0.787234043,0.951807229,1,0.6,35534.443,0.71,251.418,4.871,1481493.672,15062.902,2.065,701562.049
115,jian yao,2012,Effect.txt,0.779411765,0.963636364,0.892857143,1,-0.363636364,34974.075,1.47,505.624,4.908,1410676.204,14949.697,2.098,671456.267
116,alm,2020,Quantum chemica.txt,-0.20754717,0.979381443,0.896373057,0.272727273,-0.473684211,34807.259,-5.16,-1895.244,4.465,1696524.177,13976.098,1.793,788362.044
117,gurler etal,2018,Experimental investigation.txt,0.608510638,0.963636364,0.913043478,0.6,0.1875,36646.14,2.01,720.402,4.802,1625014.415,14718.145,1.929,759812.726
118,zeng,2012,Problems.txt,0.726618705,0.969230769,0.851851852,-0.25,-0.371428571,34974.075,1.47,505.624,4.908,1410676.204,14949.697,2.098,671456.267
119,zhao,2014,Calculations.txt,-0.3,0.888372093,0.941176471,0.6,-0.217391304,35534.443,0.71,251.418,4.871,1481493.672,15062.902,2.065,701562.049
120,cuce and riffat,2016,A comprehensive assessment of sectoral energy.txt,0.03125,0.790697674,0.771428571,0,-0.384615385,35452.459,-0.12,-43.947,4.75,1552442.538,14360.628,1.924,730640.879
121,ONG,2016,Reviewofsolar.txt,0.858695652,0.885245902,0.947643979,0.6,-0.225806452,35452.459,-0.12,-43.947,4.75,1552442.538,14360.628,1.924,730640.879
122,alayietal,2020,Energy.txt,0.583333333,0.80952381,0.950310559,0.818181818,-0.043478261,34807.259,-5.16,-1895.244,4.465,1696524.177,13976.098,1.793,788362.044
123,oyieke,2018,Interfacial.txt,0.834196891,0.981220657,0.953125,1,0.071428571,36646.14,2.01,720.402,4.802,1625014.415,14718.145,1.929,759812.726
124,varo,2013,Design.txt,0.258064516,0.636363636,0.853403141,0.96,0.142857143,35283.025,0.88,308.95,4.893,1445959.229,15042.88,2.086,686499.147
125,wood etal,2010,residential building.txt,0.51627907,0.91025641,0.866666667,0.733333333,0.183673469,33343.3,5.49,1736.258,4.793,1341233.677,13970.832,2.008,641725.345
126,chow,2012,The potential.txt,0.514492754,0.921875,0.960687961,0.368421053,-0.047619048,34974.075,1.47,505.624,4.908,1410676.204,14949.697,2.098,671456.267
127,bottarelli etal,2020,Solar gain.txt,0.731343284,0.971428571,0.943396226,0.692307692,0.066666667,34807.259,-5.16,-1895.244,4.465,1696524.177,13976.098,1.793,788362.044
128,rao,2012,Thermodynamic.txt,0.869565217,0.984615385,0.5,0.727272727,-0.32,34974.075,1.47,505.624,4.908,1410676.204,14949.697,2.098,671456.267
129,Zhang,2020,reconfigurable equilibrium.txt,-1,0.965517241,0.913793103,0.714285714,-0.545454545,34807.259,-5.16,-1895.244,4.465,1696524.177,13976.098,1.793,788362.044
130,teixeira,2010,Temperature.txt,0.30952381,0.852941176,0.831775701,0.375,0.020408163,33343.3,5.49,1736.258,4.793,1341233.677,13970.832,2.008,641725.345
131,shusheng,2020,lattice.txt,-0.743243243,0.860465116,0.878787879,0.466666667,0.25,34807.259,-5.16,-1895.244,4.465,1696524.177,13976.098,1.793,788362.044
132,Baljit etal,2020,performance study.txt,0.736211031,0.968503937,0.937106918,1,0.4,34807.259,-5.16,-1895.244,4.465,1696524.177,13976.098,1.793,788362.044
133,petra etal,2010,advanced zero emission plant.txt,-0.106796117,0.846153846,0.265306122,0.466666667,0.139318885,33343.3,5.49,1736.258,4.793,1341233.677,13970.832,2.008,641725.345
134,jradi,2014,Micro scale ORC based.txt,0.769230769,0.818181818,0.432835821,0.636363636,0.247706422,35534.443,0.71,251.418,4.871,1481493.672,15062.902,2.065,701562.049
135,farikhah,2020, The effect.txt,0.55,-1,0.415730337,0.185185185,0.190082645,34807.259,-5.16,-1895.244,4.465,1696524.177,13976.098,1.793,788362.044
136,michelle,2013,A preliminary.txt,0.77443609,0.989583333,1,0.714285714,-0.529411765,35283.025,0.88,308.95,4.893,1445959.229,15042.88,2.086,686499.147
137,Zurigat,2007,Typical.txt,0.859375,0.918367347,0.918367347,0.272727273,-0.066666667,31493.742,2.98,910.212,4.696,1244213.89,12811.338,1.91,601452.662
138,alwetaishi,2019,Sustainable ap.txt,0.291925466,0.942857143,0.90990991,1,-0.463414634,36702.503,0.15,56.363,4.758,1661716.918,14573.219,1.889,774385.946
139,kiyota etal,2013,Analysis of greenhouse gase.txt,-0.586206897,0.75,0.566666667,0.483870968,0.076923077,35283.025,0.88,308.95,4.893,1445959.229,15042.88,2.086,686499.147
140,madvar etal,2018,Analysis.txt,-0.28358209,0.988304094,0.907692308,0.4,0.142857143,36646.14,2.01,720.402,4.802,1625014.415,14718.145,1.929,759812.726
141,cho etal,2014,Energy.txt,0.868131868,1,0.956521739,-1,0,35534.443,0.71,251.418,4.871,1481493.672,15062.902,2.065,701562.049
142,mohamed,2011,Exploring.txt,-0.272727273,0.952941176,0.672727273,0.625,-0.672131148,34468.451,3.37,1125.151,4.895,1375702.128,14781.225,2.099,656506.57
143,alkhalidi,2020, Do green buildings.txt,0.528571429,0.444444444,0.034482759,0.384615385,-0.1875,34807.259,-5.16,-1895.244,4.465,1696524.177,13976.098,1.793,788362.044
144,paine,2018,Evaluating.txt,0.422222222,0.936507937,0.813333333,0.571428571,-0.129032258,36646.14,2.01,720.402,4.802,1625014.415,14718.145,1.929,759812.726
145,Yolanda,2020,determining.txt,-0.142857143,0.090909091,0.75,0.333333333,0.657142857,34807.259,-5.16,-1895.244,4.465,1696524.177,13976.098,1.793,788362.044
146,aydin etal,2015,Numerical analysis of solar.txt,0.74301676,0.214285714,,,,35496.406,-0.11,-38.037,4.81,1516990.078,14718.203,1.994,716280.251
147,Tham etal,2009,clear sky radiation data.txt,0.871794872,0.984126984,0.626373626,0.904761905,0.448979592,31607.042,-1.44,-462.402,4.599,1307890.377,13067.147,1.901,627754.514
148,xiang,2015,Optimization.txt,0.823529412,0.918367347,-0.52,0.631578947,-0.303030303,35496.406,-0.11,-38.037,4.81,1516990.078,14718.203,1.994,716280.251
149,tao etal,2009,congregation.txt,0.25,0,0.968660969,0.890909091,0.378378378,31607.042,-1.44,-462.402,4.599,1307890.377,13067.147,1.901,627754.514
150,guohui gan,2013,Dynami.txt,0.682373473,1,-0.736842105,0.225806452,-0.407407407,35283.025,0.88,308.95,4.893,1445959.229,15042.88,2.086,686499.147
151,rossi,2012,Ethanol.txt,0.727272727,0.6,0.955882353,0.75,0.25,34974.075,1.47,505.624,4.908,1410676.204,14949.697,2.098,671456.267
152,liao and wang,2012,Performance based lo.txt,0.295081967,0.917808219,0.819277108,0,0.259259259,34974.075,1.47,505.624,4.908,1410676.204,14949.697,2.098,671456.267
153,fang etal,2012,Characterization.txt,0.7,0.952,0.960526316,0.857142857,0,34974.075,1.47,505.624,4.908,1410676.204,14949.697,2.098,671456.267
154,Sun,2020,water shed water pollution.txt,0.557251908,0.977777778,0.865079365,0.333333333,0,34807.259,-5.16,-1895.244,4.465,1696524.177,13976.098,1.793,788362.044
155,Michel Gueldry,2018,Climate.txt,-0.132075472,0.995209581,0.835616438,0.090909091,-0.393939394,36646.14,2.01,720.402,4.802,1625014.415,14718.145,1.929,759812.726
156,fhazali etal,2017,Feasibility.txt,-0.146341463,0.904761905,0.895652174,0,-0.263157895,35925.738,1.33,473.278,4.76,1588368.275,14453.702,1.915,745094.581
157,altan etal,2019,An experimental study roof.txt,0.5390625,0.9375,0.746478873,0.8,0.518518519,36702.503,0.15,56.363,4.758,1661716.918,14573.219,1.889,774385.946
158,Santana,2020,wind glazing.txt,0.394957983,1,0.913043478,0.4,0.230769231,34807.259,-5.16,-1895.244,4.465,1696524.177,13976.098,1.793,788362.044
159,sun,2014,Existing.txt,0.6,0.76,0.821782178,0.733333333,0.294117647,35534.443,0.71,251.418,4.871,1481493.672,15062.902,2.065,701562.049
160,ebhota,2018,The place.txt,-0.178571429,0.957446809,0.860465116,1,0.166666667,36646.14,2.01,720.402,4.802,1625014.415,14718.145,1.929,759812.726
161,Prabhakant etal,2009,evaluation.txt,-0.1,,0.983870968,1,0.384615385,31607.042,-1.44,-462.402,4.599,1307890.377,13067.147,1.901,627754.514
162,alamier,2020, Synthesi.txt,0.148148148,-0.609756098,0.80952381,-1,-0.466666667,34807.259,-5.16,-1895.244,4.465,1696524.177,13976.098,1.793,788362.044
163,cuce and cuce,2013,Optimization.txt,0.585798817,0.99103139,-0.142857143,0.739130435,0.035714286,35283.025,0.88,308.95,4.893,1445959.229,15042.88,2.086,686499.147
164,feng etal,2010,steady,0.710144928,0.913043478,0.972413793,-1,-0.772727273,33343.3,5.49,1736.258,4.793,1341233.677,13970.832,2.008,641725.345
165,Amanda,2016,Water Sensitive Planning Practices.txt,0.375921376,-0.454545455,0.983050847,-1,-0.538461538,35452.459,-0.12,-43.947,4.75,1552442.538,14360.628,1.924,730640.879
166,avgerinos,2016,Effect.txt,0.605095541,0.96031746,0.86407767,-0.2,0.263157895,35452.459,-0.12,-43.947,4.75,1552442.538,14360.628,1.924,730640.879
167,mempouo,2010,Cod.txt,0.441860465,0.942857143,0.674418605,0.058823529,0.151515152,33343.3,5.49,1736.258,4.793,1341233.677,13970.832,2.008,641725.345
168,rezaei,2018,Applying.txt,0.611111111,0.948051948,0.466666667,-0.666666667,-0.777777778,36646.14,2.01,720.402,4.802,1625014.415,14718.145,1.929,759812.726
169,zhaoetal,2009,Dynamic performance.txt,0.966292135,0.968586387,0.953216374,0.454545455,0,31607.042,-1.44,-462.402,4.599,1307890.377,13067.147,1.901,627754.514
170,wangetal,2020,Sound.txt,-0.452054795,1,0.830508475,0.714285714,0.163636364,34807.259,-5.16,-1895.244,4.465,1696524.177,13976.098,1.793,788362.044
171,ahmadi,2016,Applying.txt,0.064935065,0.984962406,-0.833333333,0.666666667,-0.029411765,35452.459,-0.12,-43.947,4.75,1552442.538,14360.628,1.924,730640.879
172,wang etal,2020,Study on.txt,0.873754153,0.944186047,0.905660377,1,0.379310345,34807.259,-5.16,-1895.244,4.465,1696524.177,13976.098,1.793,788362.044
173,abo,2012,Microaerobic.txt,-0.714285714,0.956521739,0.976275208,0.555555556,-0.185185185,34974.075,1.47,505.624,4.908,1410676.204,14949.697,2.098,671456.267
174,Abu,2009,compression.txt,0.82745098,0.971014493,0.835294118,0.818181818,0.4,31607.042,-1.44,-462.402,4.599,1307890.377,13067.147,1.901,627754.514
175,niu etal,2010,Experimental study on a CO2.txt,0.76744186,0.891891892,0.411764706,0.909090909,0.578947368,33343.3,5.49,1736.258,4.793,1341233.677,13970.832,2.008,641725.345
176,li etal,2016,Performance.txt,0.821428571,0.333333333,0.956112853,1,0.125,35452.459,-0.12,-43.947,4.75,1552442.538,14360.628,1.924,730640.879
177,shatat,2015,retrofitting.txt,0.106382979,0.857142857,0.881773399,0.846153846,0.19047619,35496.406,-0.11,-38.037,4.81,1516990.078,14718.203,1.994,716280.251
178,vadodaria,2012,Inuseenergy.txt,0.234042553,0.826086957,0.451821862,-0.026852846,-0.180811808,34974.075,1.47,505.624,4.908,1410676.204,14949.697,2.098,671456.267
179,soares etal,2018,Evaluation.txt,0.510638298,0.939393939,0.911111111,0,0.235294118,36646.14,2.01,720.402,4.802,1625014.415,14718.145,1.929,759812.726
180,filippeschi etal,2012,Feasibility.txt,0.801980198,0.875,0.75,0.777777778,-0.137254902,34974.075,1.47,505.624,4.908,1410676.204,14949.697,2.098,671456.267
181,Lingen,2013,cycle.txt,0.612903226,0.6,0.855670103,0.764705882,0.333333333,35283.025,0.88,308.95,4.893,1445959.229,15042.88,2.086,686499.147
182,zhai,2016,Sensitivity.txt,0.171428571,0.925465839,0.571428571,0.142857143,-0.733333333,35452.459,-0.12,-43.947,4.75,1552442.538,14360.628,1.924,730640.879
183,du,2011,electroca.txt,-0.333333333,1,0,0,0.03030303,34468.451,3.37,1125.151,4.895,1375702.128,14781.225,2.099,656506.57
184,Shilliday etal,2009,Comparative energy.txt,0.445026178,1,0.842424242,0.25,-0.155555556,31607.042,-1.44,-462.402,4.599,1307890.377,13067.147,1.901,627754.514
185,wei,2014,CatalyticCO2.txt,0.651006711,1,0.912195122,0.189189189,0.263157895,35534.443,0.71,251.418,4.871,1481493.672,15062.902,2.065,701562.049
186,mehrabian,2010,wet heat exchangers.txt,0.847025496,1,0.702970297,-0.5,-0.041666667,33343.3,5.49,1736.258,4.793,1341233.677,13970.832,2.008,641725.345
187,Santamouris,2008,built environment.txt,0.561497326,0.6,0.47826087,0.2,-0.72,32069.444,1.83,575.702,4.724,1276283.334,13234.705,1.949,614687.367
188,ong,2016,Performance.txt,0.744966443,0.931034483,0.813953488,-0.4,-0.789473684,35452.459,-0.12,-43.947,4.75,1552442.538,14360.628,1.924,730640.879
189,wang etal,2010,pyrolysis process of corn straw.txt,0.578947368,0.986348123,-0.782945736,0.125,-0.88034188,33343.3,5.49,1736.258,4.793,1341233.677,13970.832,2.008,641725.345
190,alsallal,2018,Daylighting performan.txt,-0.15625,0.784615385,0.956616052,0.5,-0.421052632,36646.14,2.01,720.402,4.802,1625014.415,14718.145,1.929,759812.726
191,lin etal,2018,Experimental study on im.txt,-0.161290323,0.914893617,0.7,0.684210526,0.2,36646.14,2.01,720.402,4.802,1625014.415,14718.145,1.929,759812.726
192,soares etal,2018,Evaluation of the performance.txt,0.510638298,0.607843137,0.388888889,1,0.373134328,36646.14,2.01,720.402,4.802,1625014.415,14718.145,1.929,759812.726
193,jiang etal,2012,Current development o.txt,-0.285714286,0.87755102,0.448275862,0.75,0.4375,34974.075,1.47,505.624,4.908,1410676.204,14949.697,2.098,671456.267
194,eboka etal,2018,Detailed.txt,,0.473684211,0.832402235,0,-0.19047619,36646.14,2.01,720.402,4.802,1625014.415,14718.145,1.929,759812.726
195,Ashouri etal,2015,organic rankine cycle.txt,0.417989418,1,0.910034602,0.707317073,0.074074074,35496.406,-0.11,-38.037,4.81,1516990.078,14718.203,1.994,716280.251
196,chung and ju,2010,A hybrid design of VAWT.txt,0.2,0.7,0.84063745,0.25,-0.181818182,33343.3,5.49,1736.258,4.793,1341233.677,13970.832,2.008,641725.345
197,Ciampi etal,2013,energy performance.txt,0.727272727,0.6,0.72972973,0,-0.3,35283.025,0.88,308.95,4.893,1445959.229,15042.88,2.086,686499.147
198,kumar etal,2020,The role of nanot.txt,0.061728395,0.898305085,0.859459459,0.666666667,0.096774194,34807.259,-5.16,-1895.244,4.465,1696524.177,13976.098,1.793,788362.044
199,cruikshank,2011,economic.txt,0.049180328,1,0.784615385,0.882352941,0.484848485,34468.451,3.37,1125.151,4.895,1375702.128,14781.225,2.099,656506.57
200,liu etal,2010,domestic biomas.txt,0.797752809,0.875486381,0.75,0.444444444,-0.551724138,33343.3,5.49,1736.258,4.793,1341233.677,13970.832,2.008,641725.345
201,li and dai,2019,Energy.txt,0.113924051,0.913043478,0,0.818181818,0,36702.503,0.15,56.363,4.758,1661716.918,14573.219,1.889,774385.946
202,durakovic and torlak,2016,Experimental.txt,0.709459459,0.890410959,0.734439834,0.625,-0.068181818,35452.459,-0.12,-43.947,4.75,1552442.538,14360.628,1.924,730640.879
203,chen,2018,Study on energy.txt,0.773333333,0.986013986,0.320754717,0.885714286,0.402298851,36646.14,2.01,720.402,4.802,1625014.415,14718.145,1.929,759812.726
204,hsieh and cheng,2020,Effects o.txt,0.377483444,0.918918919,0.245283019,0.594202899,0.65,34807.259,-5.16,-1895.244,4.465,1696524.177,13976.098,1.793,788362.044
205,markus,2013,Advanced.txt,0.770114943,0.934883721,0.764705882,0.833333333,0.333333333,35283.025,0.88,308.95,4.893,1445959.229,15042.88,2.086,686499.147
206,baral,2020,Thermodynamic and financial.txt,0.789473684,0.833333333,0.908396947,-0.5,0.620689655,34807.259,-5.16,-1895.244,4.465,1696524.177,13976.098,1.793,788362.044
207,afrasiabian,2019,analysis.txt,0.653429603,0.445783133,-0.254901961,0.555555556,0.134328358,36702.503,0.15,56.363,4.758,1661716.918,14573.219,1.889,774385.946
208,wangetal,2012,Superhydrophobic.txt,0.436781609,0.914285714,0.913043478,0.4,-0.555555556,34974.075,1.47,505.624,4.908,1410676.204,14949.697,2.098,671456.267
209,Zhuetal,2020,aerolastic.txt,-0.374233129,0.939393939,0.903614458,0.625,0.2,34807.259,-5.16,-1895.244,4.465,1696524.177,13976.098,1.793,788362.044
210,ahmed,2018,Design methodology.txt,0.739776952,0.404255319,0.846153846,-0.692307692,-0.355932203,36646.14,2.01,720.402,4.802,1625014.415,14718.145,1.929,759812.726
211,wangetal,2013,Failure.txt,0.684615385,0.867346939,0.636363636,1,-0.538461538,35283.025,0.88,308.95,4.893,1445959.229,15042.88,2.086,686499.147
212,lau etal,2012,A preliminary study o.txt,0.465346535,0.92,-0.473684211,-1,-0.481481481,34974.075,1.47,505.624,4.908,1410676.204,14949.697,2.098,671456.267
213,eloka and onunka,2020,Sustainable.txt,-0.910714286,0.980392157,0.968911917,0,0.244444444,34807.259,-5.16,-1895.244,4.465,1696524.177,13976.098,1.793,788362.044
214,gago etal,2010,irradiation and temperatur.txt,0.898148148,0.384615385,0.47826087,0.333333333,0.08,33343.3,5.49,1736.258,4.793,1341233.677,13970.832,2.008,641725.345
215,Zheng,2018,solar.txt,0.816513761,0.949541284,0.384615385,0.538461538,-0.290322581,36646.14,2.01,720.402,4.802,1625014.415,14718.145,1.929,759812.726
216,chen etal,2012,Constructal.txt,0.850746269,0.866666667,0.466666667,0.875,-0.538461538,34974.075,1.47,505.624,4.908,1410676.204,14949.697,2.098,671456.267
217,zhangetal,2020,Capacity.txt,0.104477612,0.902912621,0.952,0.25,-0.037037037,34807.259,-5.16,-1895.244,4.465,1696524.177,13976.098,1.793,788362.044
218,oralli,2011,study.txt,0.514285714,0.984126984,0.866666667,0.666666667,-0.2,34468.451,3.37,1125.151,4.895,1375702.128,14781.225,2.099,656506.57
219,omar and shaari,2009,Sizing verification.txt,-0.043478261,1,0.333333333,0.6,0.166666667,31607.042,-1.44,-462.402,4.599,1307890.377,13067.147,1.901,627754.514
220,Ibrahim etal,2009,analysis of sola.txt,0.666666667,0.954545455,0.83982684,0.511111111,-0.042553191,31607.042,-1.44,-462.402,4.599,1307890.377,13067.147,1.901,627754.514
221,walnum,2011,Offdesign.txt,0.761006289,0.921568627,0.72972973,1,-0.24137931,34468.451,3.37,1125.151,4.895,1375702.128,14781.225,2.099,656506.57
222,bardineh etal,2018,Medical.txt,0.701492537,0.976744186,0.766233766,1,0.517241379,36646.14,2.01,720.402,4.802,1625014.415,14718.145,1.929,759812.726
223,Vivekh etal,2015,Desalination.txt,0.247058824,1,0,0.052631579,-0.224489796,35496.406,-0.11,-38.037,4.81,1516990.078,14718.203,1.994,716280.251
224,Mojtaba,2018,natural.txt,-0.078651685,0.982142857,0.963302752,-0.285714286,-0.058823529,36646.14,2.01,720.402,4.802,1625014.415,14718.145,1.929,759812.726
225,Sultan etal,2020,vfa.txt,-0.6,0.971830986,1,0.75,-0.85,34807.259,-5.16,-1895.244,4.465,1696524.177,13976.098,1.793,788362.044
226,zhu,2012,Asimulation.txt,0.782178218,0.917948718,-0.172413793,0.744680851,0.620253165,34974.075,1.47,505.624,4.908,1410676.204,14949.697,2.098,671456.267
227,li etal,2019,Effect of design.txt,0.797235023,0.93258427,0.657894737,1,0.170731707,36702.503,0.15,56.363,4.758,1661716.918,14573.219,1.889,774385.946
228,hemmingway and long,2012,Thermal re.txt,0.712418301,-0.285714286,0.857142857,0.86440678,0.192307692,34974.075,1.47,505.624,4.908,1410676.204,14949.697,2.098,671456.267
229,steve,2011,Hydrogen.txt,-0.2,-0.428571429,0.969230769,0.833333333,0.058823529,34468.451,3.37,1125.151,4.895,1375702.128,14781.225,2.099,656506.57
230,molero,2013,Towards.txt,-0.666666667,0.924528302,0.927927928,0.6,-0.733333333,35283.025,0.88,308.95,4.893,1445959.229,15042.88,2.086,686499.147
231,Andrea and Francis,2020,tropical climate.txt,0.863874346,0.990825688,0.673469388,0.2,0.3,34807.259,-5.16,-1895.244,4.465,1696524.177,13976.098,1.793,788362.044
232,Riffat etal,2007,direct ground coupled absorber.txt,0.392857143,0.636363636,0.90625,1,-0.428571429,31493.742,2.98,910.212,4.696,1244213.89,12811.338,1.91,601452.662
233,sahlot and riffat,2016,Desiccant cooling systems.txt,0.744779582,0.99245283,0.776397516,0.545454545,0.194805195,35452.459,-0.12,-43.947,4.75,1552442.538,14360.628,1.924,730640.879
234,orhan etal,2011,Exergy analysis of heat exchangers.txt,0.807560137,0.987341772,1,,,34468.451,3.37,1125.151,4.895,1375702.128,14781.225,2.099,656506.57
235,salman,2020,Thermal.txt,-0.650793651,0.980582524,1,,,34807.259,-5.16,-1895.244,4.465,1696524.177,13976.098,1.793,788362.044
236,ding,2019,Comparison.txt,0.755102041,0.925925926,0.934560327,0.379310345,0.168831169,36702.503,0.15,56.363,4.758,1661716.918,14573.219,1.889,774385.946
237,hyde,2016,Development.txt,-0.2,0.978723404,0.906752412,0.259259259,0.044776119,35452.459,-0.12,-43.947,4.75,1552442.538,14360.628,1.924,730640.879
238,ding and riffat,2012,Thermochemical energy storage technologies for building applications.txt,0.736842105,0.8,0.428571429,0.5,0.5,34974.075,1.47,505.624,4.908,1410676.204,14949.697,2.098,671456.267
239,Jorge and Armando C. Oliveira,2006,solar.txt,0.833333333,0.849056604,0.84,-1,-0.25,30583.53,3.31,980.753,4.617,1212720.149,12222.242,1.845,588641.324
240,zhangetal,2013,Theoretical.txt,0.825242718,0.971014493,0.632911392,0.894736842,-0.252747253,35283.025,0.88,308.95,4.893,1445959.229,15042.88,2.086,686499.147
241,aleknaviciute,2012,Plasma assis.txt,-0.041666667,0.858585859,0.935483871,1,0.529411765,34974.075,1.47,505.624,4.908,1410676.204,14949.697,2.098,671456.267
242,xia,2016,Endoreversible.txt,0.222222222,1,0.905660377,0,0.076923077,35452.459,-0.12,-43.947,4.75,1552442.538,14360.628,1.924,730640.879
243,Barnwal etal,2008,thermal greenhouse dryer.txt,0.613445378,0.981395349,0.948387097,1,0.5,32069.444,1.83,575.702,4.724,1276283.334,13234.705,1.949,614687.367
244,meng etal,2010,Effects.txt,0.709677419,1,0.916666667,1,-0.3125,33343.3,5.49,1736.258,4.793,1341233.677,13970.832,2.008,641725.345
245,burhan etal,2018,Energy distribution.txt,0.266666667,0.957446809,0.176470588,0.259259259,0.432835821,36646.14,2.01,720.402,4.802,1625014.415,14718.145,1.929,759812.726
246,lee etal,2020,Experimental.txt,0.906040268,1,0.86407767,1,0.652173913,34807.259,-5.16,-1895.244,4.465,1696524.177,13976.098,1.793,788362.044
247,whiffen,2012,review.txt,0.654320988,0.619047619,0,1,1,34974.075,1.47,505.624,4.908,1410676.204,14949.697,2.098,671456.267
248,li and shuan,2020,Research on freq.txt,-0.463414634,1,1,0.692307692,0.076923077,34807.259,-5.16,-1895.244,4.465,1696524.177,13976.098,1.793,788362.044
249,pillai,2013,Study.txt,0.541666667,0.99376947,0.903225806,,-0.333333333,35283.025,0.88,308.95,4.893,1445959.229,15042.88,2.086,686499.147
250,rabah etal,2013,Experimental study of the urban.txt,0.577981651,0.994011976,0.866666667,-0.5,-0.285714286,35283.025,0.88,308.95,4.893,1445959.229,15042.88,2.086,686499.147
251,indartono etal,2016,Improving photovoltaics.txt,0.726315789,0.759036145,0.857142857,-1,0.032258065,35452.459,-0.12,-43.947,4.75,1552442.538,14360.628,1.924,730640.879
252,Hessami,2008,rural residential building.txt,0.81420765,1,1,-0.333333333,0.703703704,32069.444,1.83,575.702,4.724,1276283.334,13234.705,1.949,614687.367
253,elbaiuomy,2017,The impact.txt,-0.452054795,1,0.972899729,0.875,-0.2,35925.738,1.33,473.278,4.76,1588368.275,14453.702,1.915,745094.581
254,alkhalidi etal,2020,Using Wood.txt,0.394871795,0.75862069,0.855263158,0.574468085,0.25,34807.259,-5.16,-1895.244,4.465,1696524.177,13976.098,1.793,788362.044
255,wang etal,2010,intercooled.txt,0.627586207,0.684210526,0.842424242,0.333333333,0.346153846,33343.3,5.49,1736.258,4.793,1341233.677,13970.832,2.008,641725.345
256,wang,2014,Performanc.txt,0.807829181,0.85,0.84,0,0.307692308,35534.443,0.71,251.418,4.871,1481493.672,15062.902,2.065,701562.049
257,alkhalidi etal,2019,Energy efficient cooling.txt,0.725,0.751937984,0.860465116,1,0.666666667,36702.503,0.15,56.363,4.758,1661716.918,14573.219,1.889,774385.946
258,qiu,2012,Experimental.txt,0.941018767,0.652173913,0.988372093,-0.866666667,-0.875,34974.075,1.47,505.624,4.908,1410676.204,14949.697,2.098,671456.267
259,kasaeian etal,2017,Investigation of the eff.txt,0.406360424,0.666666667,0.915492958,-1,-0.5,35925.738,1.33,473.278,4.76,1588368.275,14453.702,1.915,745094.581
260,ahmadi,2016,Thermodynamic anal.txt,0.721518987,0.954716981,-0.09352518,0.523809524,-0.365079365,35452.459,-0.12,-43.947,4.75,1552442.538,14360.628,1.924,730640.879
261,baral,2020,Mathematical.txt,0.643410853,0.482352941,0.217391304,0.888888889,0.184210526,34807.259,-5.16,-1895.244,4.465,1696524.177,13976.098,1.793,788362.044
262,bert,2011,fuel cells.txt,-0.333333333,1,0.678899083,-0.04,-0.62962963,34468.451,3.37,1125.151,4.895,1375702.128,14781.225,2.099,656506.57
263,yang,2012,heat.txt,0.813953488,0.992753623,0.928571429,-1,-0.5,34974.075,1.47,505.624,4.908,1410676.204,14949.697,2.098,671456.267
264,zhang etal,2012,sordption.txt,0.777777778,0.93258427,0.666666667,0,-0.297297297,34974.075,1.47,505.624,4.908,1410676.204,14949.697,2.098,671456.267
265,wangetal,2019,Fault.txt,0.03030303,0.882352941,0.752212389,0.6,-0.5,36702.503,0.15,56.363,4.758,1661716.918,14573.219,1.889,774385.946
266,ong,2016,Review.txt,0.884057971,0.958762887,0.921568627,0.857142857,-0.25,35452.459,-0.12,-43.947,4.75,1552442.538,14360.628,1.924,730640.879
267,joshi etal,2010,Analysis of energy and exergy.txt,0.711711712,-1,0.808823529,-0.666666667,-0.35,33343.3,5.49,1736.258,4.793,1341233.677,13970.832,2.008,641725.345
268,serran,2016,Rammed.txt,0.72,1,0.230769231,0.4,-0.024691358,35452.459,-0.12,-43.947,4.75,1552442.538,14360.628,1.924,730640.879
269,riffat and qiu,2011,A review.txt,0.276595745,0.882352941,0.738461538,0.5,-0.0625,34468.451,3.37,1125.151,4.895,1375702.128,14781.225,2.099,656506.57
270,Vasiliev etal,2009,efficiency of fuel cells.txt,0.744855967,0.810810811,0.846153846,1,0.333333333,31607.042,-1.44,-462.402,4.599,1307890.377,13067.147,1.901,627754.514
271,lazzarin etal,2018,Hybrid PCM aluminium foa.txt,0.782312925,1,0,0.3125,0.295336788,36646.14,2.01,720.402,4.802,1625014.415,14718.145,1.929,759812.726
272,chen etal,2009,Research on ground coupled heat.txt,0.671232877,0.5,0.986206897,0.5,0.043478261,31607.042,-1.44,-462.402,4.599,1307890.377,13067.147,1.901,627754.514
273,Tangka etal,2013,asorption solar.txt,0.721854305,0.789473684,0.166666667,0.294117647,0.266666667,35283.025,0.88,308.95,4.893,1445959.229,15042.88,2.086,686499.147
274,Shanmugapriya etal,2018,solar linear fresnel.txt,0.411764706,0.850746269,0.666666667,-0.8,-1,36646.14,2.01,720.402,4.802,1625014.415,14718.145,1.929,759812.726
275,you,2020,Influences.txt,0.790575916,0.975460123,0.925925926,-0.25,-0.320754717,34807.259,-5.16,-1895.244,4.465,1696524.177,13976.098,1.793,788362.044
276,ling etal,2013,The numerical s.txt,0.656108597,0.949685535,0.862745098,0.2,0.4,35283.025,0.88,308.95,4.893,1445959.229,15042.88,2.086,686499.147
277,lin etal,2011,Ammonia water absorption cycle.txt,0.712707182,0.961165049,0,1,0.755102041,34468.451,3.37,1125.151,4.895,1375702.128,14781.225,2.099,656506.57
278,Zhang etal,2015,heat transfer of energy.txt,0.835390947,0.903225806,-0.076923077,0.571428571,0.125,35496.406,-0.11,-38.037,4.81,1516990.078,14718.203,1.994,716280.251
279,jarimi etal,2018,Materials characterizatio.txt,1,0.914634146,0.688311688,0,0.180327869,36646.14,2.01,720.402,4.802,1625014.415,14718.145,1.929,759812.726
280,Arif etal,2012,exergy analysis.txt,0.527272727,0.858823529,0.567567568,0.142857143,0.111111111,34974.075,1.47,505.624,4.908,1410676.204,14949.697,2.098,671456.267
281,mahmood etal,2019,Energy.txt,0.837696335,0.945355191,0.773584906,0.333333333,0.294117647,36702.503,0.15,56.363,4.758,1661716.918,14573.219,1.889,774385.946
282,Lazzarin etal,2008,electronic expansion valves.txt,0.68,0.995049505,0.851851852,-0.379310345,0.034482759,32069.444,1.83,575.702,4.724,1276283.334,13234.705,1.949,614687.367
283,jorge,2009,water absorption.txt,0.763033175,0.933333333,0.58974359,0.677419355,0.473684211,31607.042,-1.44,-462.402,4.599,1307890.377,13067.147,1.901,627754.514
284,dakwale and ralegaonkar,2011,Review of carbon emission through buildings.txt,0.155172414,0.625,0.333333333,0.647058824,-0.020408163,34468.451,3.37,1125.151,4.895,1375702.128,14781.225,2.099,656506.57
285,sicre,2015,Highefficiency.txt,0.748502994,1,0.882352941,0.5,-0.259259259,35496.406,-0.11,-38.037,4.81,1516990.078,14718.203,1.994,716280.251
286,anestopoulou etal,2016,On the development.txt,0.319148936,0.895833333,0.826086957,0.636363636,0.8,35452.459,-0.12,-43.947,4.75,1552442.538,14360.628,1.924,730640.879
287,kumar and reddy,2012,energy exe.txt,0.188679245,1,0.707692308,0.428571429,-0.428571429,34974.075,1.47,505.624,4.908,1410676.204,14949.697,2.098,671456.267
288,Kan and Hu,2015,composite building.txt,0.744680851,0.833333333,0.78807947,0.384615385,-0.318181818,35496.406,-0.11,-38.037,4.81,1516990.078,14718.203,1.994,716280.251
289,Comarazamy etal,2013,impacts of urb.txt,0.420118343,0.961904762,0.795121951,0.151515152,0.2,35283.025,0.88,308.95,4.893,1445959.229,15042.88,2.086,686499.147
290,tolooiyan,2012,preliminary.txt,0.617128463,1,0.956043956,-0.142857143,0.066666667,34974.075,1.47,505.624,4.908,1410676.204,14949.697,2.098,671456.267
291,kan etal,2009,Ecological.txt,0.833333333,1,0.921568627,0.75,-0.2,31607.042,-1.44,-462.402,4.599,1307890.377,13067.147,1.901,627754.514
292,feng etal,2013,Constructal.txt,0.671641791,0.94095941,0.893939394,0.5,0.090909091,35283.025,0.88,308.95,4.893,1445959.229,15042.88,2.086,686499.147
293,Jiang etal,2009,utilizing bent heat pipes.txt,0.829268293,0.918918919,0.895348837,0,-0.866666667,31607.042,-1.44,-462.402,4.599,1307890.377,13067.147,1.901,627754.514
294,rahbar,2016,miniature.txt,-0.164556962,0.959459459,0.962025316,0.111111111,-0.176470588,35452.459,-0.12,-43.947,4.75,1552442.538,14360.628,1.924,730640.879
295,oyieke,2020,Experimental.txt,0.72038835,0.888198758,0.811023622,0.222222222,0.136363636,34807.259,-5.16,-1895.244,4.465,1696524.177,13976.098,1.793,788362.044
296,li and liang,2018,The economi.txt,-0.4,0.333333333,0.806451613,0.8,0.351351351,36646.14,2.01,720.402,4.802,1625014.415,14718.145,1.929,759812.726
297,chen etal,2012,Optimal expansion.txt,0.717277487,0.666666667,0.928571429,0.714285714,0.133333333,34974.075,1.47,505.624,4.908,1410676.204,14949.697,2.098,671456.267
298,d'alessandro etal,2016,Innovative concretes for low carbon constructions.txt,-0.06626506,0.949308756,0.945945946,0.666666667,0.571428571,35452.459,-0.12,-43.947,4.75,1552442.538,14360.628,1.924,730640.879
299,wang etal,2020,equalization.txt,-1,0.914893617,0.916167665,1,0.25,34807.259,-5.16,-1895.244,4.465,1696524.177,13976.098,1.793,788362.044
300,reinoso,2012,Study.txt,-0.245901639,0.893939394,0.466666667,1,0.777777778,34974.075,1.47,505.624,4.908,1410676.204,14949.697,2.098,671456.267
301,gan,2015,Impacts of dynam.txt,0.869797225,0.333333333,0,0.941176471,0.634146341,35496.406,-0.11,-38.037,4.81,1516990.078,14718.203,1.994,716280.251
302,Aprea etal,2012,exergy an.txt,0.333333333,0.84,-0.4,0.785714286,0.03030303,34974.075,1.47,505.624,4.908,1410676.204,14949.697,2.098,671456.267
303,afonso,2013,Tracer gas.txt,0.648,0.076923077,0.972222222,0.555555556,-0.076923077,35283.025,0.88,308.95,4.893,1445959.229,15042.88,2.086,686499.147
304,wangetal,2020,Research.txt,0.8,0.923076923,-0.03030303,0.824561404,0.846666667,34807.259,-5.16,-1895.244,4.465,1696524.177,13976.098,1.793,788362.044
305,qiu,2018,Numerical.txt,0.480851064,0,0.884615385,1,0.622641509,36646.14,2.01,720.402,4.802,1625014.415,14718.145,1.929,759812.726
306,lim etal,2013,Design config.txt,0.552238806,0.695652174,0.96460177,0.818181818,0.052631579,35283.025,0.88,308.95,4.893,1445959.229,15042.88,2.086,686499.147
307,Reddy etal,2016,Nanofluid and nanocomposite.txt,0.461333333,0.446808511,0.949367089,0.111111111,0.071428571,35452.459,-0.12,-43.947,4.75,1552442.538,14360.628,1.924,730640.879
308,hegazy and qurnfulah,2020,Thermal comfo.txt,0.400544959,0.981481481,0.945945946,-1,0.647058824,34807.259,-5.16,-1895.244,4.465,1696524.177,13976.098,1.793,788362.044
309,lazzarin and noro,2016,Energy efficiency.txt,0.422535211,0.846153846,0.956521739,1,0.818181818,35452.459,-0.12,-43.947,4.75,1552442.538,14360.628,1.924,730640.879
310,harper etal,2019,Assessing socially.txt,0.344827586,0.666666667,0.949748744,1,-0.333333333,36702.503,0.15,56.363,4.758,1661716.918,14573.219,1.889,774385.946
311,amhadi and assaf,2019,Assessment.txt,-0.04109589,0.949367089,0.845360825,1,-0.538461538,36702.503,0.15,56.363,4.758,1661716.918,14573.219,1.889,774385.946
312,moustafa etal,2018,Roof geometry.txt,0.733333333,0.941176471,0.058823529,0.75,0.464285714,36646.14,2.01,720.402,4.802,1625014.415,14718.145,1.929,759812.726
313,Harrison and Jiang,2017,energy performance.txt,0.293333333,0.876923077,0.93006993,0.929824561,0.333333333,35925.738,1.33,473.278,4.76,1588368.275,14453.702,1.915,745094.581
314,Vivek,2008,energy and exergy.txt,0.811320755,0.985611511,0.905882353,0.909090909,0.545454545,32069.444,1.83,575.702,4.724,1276283.334,13234.705,1.949,614687.367
315,hu etal,2016,Removal of carbon dioxi.txt,0.620689655,1,0.647058824,0.8,0.75862069,35452.459,-0.12,-43.947,4.75,1552442.538,14360.628,1.924,730640.879
316,hegazy etal,2017,The living building.txt,0.313432836,0.797101449,0.542168675,0.909090909,0.262135922,35925.738,1.33,473.278,4.76,1588368.275,14453.702,1.915,745094.581
317,varga,2013,Readdressing.txt,0.549450549,0.82278481,0.9,0,-0.111111111,35283.025,0.88,308.95,4.893,1445959.229,15042.88,2.086,686499.147
318,pike and slater,2011,examination of their.txt,0.411764706,0.789473684,0.976878613,0.333333333,-0.111111111,34468.451,3.37,1125.151,4.895,1375702.128,14781.225,2.099,656506.57
319,Newton etal,2011,nanoparticle.txt,-0.714285714,0.961165049,-0.181818182,0.384615385,0.071428571,34468.451,3.37,1125.151,4.895,1375702.128,14781.225,2.099,656506.57
320,Zhang etal,2017,liquid dessicant cycle.txt,0.935483871,0.936305732,0.825242718,0.454545455,-0.266666667,35925.738,1.33,473.278,4.76,1588368.275,14453.702,1.915,745094.581
321,jan etal,2013,climate necessity.txt,0.133333333,0.789473684,0.765853659,0.866666667,-0.463414634,35283.025,0.88,308.95,4.893,1445959.229,15042.88,2.086,686499.147
322,poese,2013,Performance.txt,0.223021583,0.870967742,0.985714286,0.142857143,-0.652173913,35283.025,0.88,308.95,4.893,1445959.229,15042.88,2.086,686499.147
323,Vakilabadi etal,2018,renewable power gen.txt,0.606217617,0.897959184,0.333333333,1,0.903846154,36646.14,2.01,720.402,4.802,1625014.415,14718.145,1.929,759812.726
324,zhou,2018,Optimization analyses.txt,0.615384615,0.8,0.814814815,0.294117647,-0.588235294,36646.14,2.01,720.402,4.802,1625014.415,14718.145,1.929,759812.726
325,Vasiliev etal,2008,activated carbon.txt,0.798319328,0.932432432,0.925,0,0.166666667,32069.444,1.83,575.702,4.724,1276283.334,13234.705,1.949,614687.367
326,Spencer,2007,predicting light pipe transmittance.txt,0.153846154,0.99137931,0.89010989,-0.2,0.263157895,31493.742,2.98,910.212,4.696,1244213.89,12811.338,1.91,601452.662
327,tu,2020,Comparative.txt,0.479338843,0.987012987,0.780104712,0.333333333,-0.396226415,34807.259,-5.16,-1895.244,4.465,1696524.177,13976.098,1.793,788362.044
328,chu etal,2020,Effects of stripper.txt,0.222222222,0.975708502,0.24137931,0.8,0.75,34807.259,-5.16,-1895.244,4.465,1696524.177,13976.098,1.793,788362.044
329,li etal,2010,hybrid solar electricity system.txt,0.856115108,0.980487805,0.971830986,-1,-0.5,33343.3,5.49,1736.258,4.793,1341233.677,13970.832,2.008,641725.345
330,yang,2012,Performance.txt,0.759493671,,1,,-0.666666667,34974.075,1.47,505.624,4.908,1410676.204,14949.697,2.098,671456.267
331,almutairi etal,2011,Cycling durability studies.txt,-0.025,0.885714286,0.948424069,0.6,-0.448275862,34468.451,3.37,1125.151,4.895,1375702.128,14781.225,2.099,656506.57
332,Zhao etal,2008,power and gas cogeneration.txt,0.866666667,0.921568627,-0.52,0.642857143,0.386666667,32069.444,1.83,575.702,4.724,1276283.334,13234.705,1.949,614687.367
333,oliveira,2017,GHG.txt,0.615384615,0.961904762,0.304347826,1,0.130434783,35925.738,1.33,473.278,4.76,1588368.275,14453.702,1.915,745094.581
334,baitule and sudhakar,2017,Solar powered green campus.txt,-0.578947368,0.962025316,0.98816568,-0.2,0.272727273,35925.738,1.33,473.278,4.76,1588368.275,14453.702,1.915,745094.581
335,zhu,2020,The influence.txt,-0.632653061,0.988919668,0.555555556,0.333333333,0.2,34807.259,-5.16,-1895.244,4.465,1696524.177,13976.098,1.793,788362.044
336,dien etal,2011,Biochemical processing of reed canarygrass into fuel ethanol.txt,0.127272727,0.841269841,0.888888889,1,0.444444444,34468.451,3.37,1125.151,4.895,1375702.128,14781.225,2.099,656506.57
337,ahmadi,2020,Portfolio optimization.txt,-0.653061224,0.989010989,-0.428571429,0.6,-0.5,34807.259,-5.16,-1895.244,4.465,1696524.177,13976.098,1.793,788362.044
338,chien,2014,Assessment.txt,0.192307692,0.272727273,0.714285714,0.230769231,-0.047619048,35534.443,0.71,251.418,4.871,1481493.672,15062.902,2.065,701562.049
339,jarimi etal,2018,Materials characterization.txt,1,0.909090909,0.3,0.5,-0.35483871,36646.14,2.01,720.402,4.802,1625014.415,14718.145,1.929,759812.726
340,coskun etal,2009,Energy and exergy.txt,0.79245283,0.924242424,0.28,-0.142857143,0.096774194,31607.042,-1.44,-462.402,4.599,1307890.377,13067.147,1.901,627754.514
341,Chamchine etal,2013,integrated assesment.txt,-0.076923077,0.866666667,0.94375,1,0.172413793,35283.025,0.88,308.95,4.893,1445959.229,15042.88,2.086,686499.147
342,ashley,2016,direct absorbing.txt,0.484848485,0.953125,0.847826087,0.771428571,-0.228070175,35452.459,-0.12,-43.947,4.75,1552442.538,14360.628,1.924,730640.879
343,ramezanizadeh,2019,Modeling.txt,0.581395349,0.818181818,0.856060606,-0.571428571,-0.492537313,36702.503,0.15,56.363,4.758,1661716.918,14573.219,1.889,774385.946
344,xie etal,2008,Syngas CO.txt,0.652173913,0.915492958,0.888888889,-0.5,-0.130434783,32069.444,1.83,575.702,4.724,1276283.334,13234.705,1.949,614687.367
345,kepekci etal,2020, Three dimension.txt,0.801980198,0.979166667,0.276595745,0.333333333,0.245614035,34807.259,-5.16,-1895.244,4.465,1696524.177,13976.098,1.793,788362.044
346,xiaetal,2010,Ecological.txt,0.584615385,0.189189189,0.928571429,0.666666667,0.2,33343.3,5.49,1736.258,4.793,1341233.677,13970.832,2.008,641725.345
347,zhangetal,2017,Annual.txt,0.58125,0.947019868,0.128205128,0.692307692,0.382352941,35925.738,1.33,473.278,4.76,1588368.275,14453.702,1.915,745094.581
348,wu etal,2011,Prediction.txt,0.733333333,0.333333333,0.788235294,0.1,-0.226666667,34468.451,3.37,1125.151,4.895,1375702.128,14781.225,2.099,656506.57
349,Igunnu etal,2012,Produced wate.txt,0.618867925,0,0.945945946,0.818181818,0.409090909,34974.075,1.47,505.624,4.908,1410676.204,14949.697,2.098,671456.267
350,chong,2013,Comparing.txt,0.683673469,0.986486486,0.714285714,1,-0.272727273,35283.025,0.88,308.95,4.893,1445959.229,15042.88,2.086,686499.147
351,oliveira,2016,Anovel.txt,0.776223776,0.974025974,0.746268657,0.894736842,-0.302325581,35452.459,-0.12,-43.947,4.75,1552442.538,14360.628,1.924,730640.879
352,ismail,2012,energy eff.txt,0.712643678,0.76119403,0.742574257,-0.230769231,-0.1875,34974.075,1.47,505.624,4.908,1410676.204,14949.697,2.098,671456.267
353,worall,2011,CO2compression.txt,0.648648649,0.913043478,0.45,0.62962963,0.01754386,34468.451,3.37,1125.151,4.895,1375702.128,14781.225,2.099,656506.57
354,Rosemann and Kaase,2013,combined daylight.txt,0.333333333,0.536842105,-1,0.818181818,0.5,35283.025,0.88,308.95,4.893,1445959.229,15042.88,2.086,686499.147
355,stafell,2011,Lower.txt,-0.861111111,1,-0.166666667,0.47826087,0.170454545,34468.451,3.37,1125.151,4.895,1375702.128,14781.225,2.099,656506.57
356,renato etal,2009,Energetic.txt,0.777070064,0.970479705,0.88,-0.555555556,-0.142857143,31607.042,-1.44,-462.402,4.599,1307890.377,13067.147,1.901,627754.514
357,kesten etal,2010,daylight performance.txt,0.21875,0.959183673,0.37254902,0.72972973,0.142857143,33343.3,5.49,1736.258,4.793,1341233.677,13970.832,2.008,641725.345
358,xiao etal,2010,retrofitted direct gain solar house.txt,0.800995025,1,0.714285714,0.555555556,-0.066666667,33343.3,5.49,1736.258,4.793,1341233.677,13970.832,2.008,641725.345
359,Yang etal,2013,ecobuilding.txt,0.740740741,0.921568627,0.46835443,-0.066666667,-0.071428571,35283.025,0.88,308.95,4.893,1445959.229,15042.88,2.086,686499.147
360,agrawal,2011,Flow characteristics.txt,0.157894737,-0.6,-0.4,-1,-0.523809524,34468.451,3.37,1125.151,4.895,1375702.128,14781.225,2.099,656506.57
361,colombo,2012,Carbon dioxide refrigeration with heat.txt,0.813953488,0.862068966,0.962025316,-0.2,-0.333333333,34974.075,1.47,505.624,4.908,1410676.204,14949.697,2.098,671456.267
362,ascione etal,2016,Design.txt,0.447470817,0.9,0.771428571,0,-0.142857143,35452.459,-0.12,-43.947,4.75,1552442.538,14360.628,1.924,730640.879
363,chen etal,2012,Internal.txt,0.568181818,0.836734694,0.494949495,0.555555556,-0.051546392,34974.075,1.47,505.624,4.908,1410676.204,14949.697,2.098,671456.267
364,maleki,2018,Modeling and optimum design.txt,0.2,0.983050847,0.568627451,0.6,-0.142857143,36646.14,2.01,720.402,4.802,1625014.415,14718.145,1.929,759812.726
365,Renato Lazzarin,2007,Technological innovations.txt,0.831223629,0.986394558,0.666666667,-0.333333333,0.2,31493.742,2.98,910.212,4.696,1244213.89,12811.338,1.91,601452.662
366,onyelowe,2019,Experimental.txt,-0.741573034,0.833333333,0.230769231,0.142857143,0.448275862,36702.503,0.15,56.363,4.758,1661716.918,14573.219,1.889,774385.946
367,shatat,2016,innovativepsychometric.txt,0.866359447,0.911111111,0.921259843,0.25,0.2,35452.459,-0.12,-43.947,4.75,1552442.538,14360.628,1.924,730640.879
368,mumith,2016,Design.txt,0.327868852,0.846153846,0.70212766,0.886792453,0.675675676,35452.459,-0.12,-43.947,4.75,1552442.538,14360.628,1.924,730640.879
369,srinivas,2020,anal.txt,-0.135135135,1,0.375,0,-0.75,34807.259,-5.16,-1895.244,4.465,1696524.177,13976.098,1.793,788362.044
370,alexander,2013,solid sorption.txt,0.843575419,-0.111111111,0.975409836,-0.230769231,-0.411764706,35283.025,0.88,308.95,4.893,1445959.229,15042.88,2.086,686499.147
371,kosa,2020,Dynamic and steady.txt,0.432835821,0.95505618,0.968911917,0,-0.44,34807.259,-5.16,-1895.244,4.465,1696524.177,13976.098,1.793,788362.044
372,aldali,2011,Solar absorber tube analysis.txt,0.67032967,1,0.946428571,-1,-0.538461538,34468.451,3.37,1125.151,4.895,1375702.128,14781.225,2.099,656506.57
373,Reddy,2009,low carbon buildings.txt,0.022222222,0.970588235,0.971346705,0.927272727,-0.135135135,31607.042,-1.44,-462.402,4.599,1307890.377,13067.147,1.901,627754.514
374,agrawal,2012,Study.txt,-0.021276596,0.954022989,0.936305732,0,0.333333333,34974.075,1.47,505.624,4.908,1410676.204,14949.697,2.098,671456.267
375,TiezhouWu etal,2020,coordinated control.txt,-0.285714286,0.991266376,-0.417721519,-0.130434783,0.125,34807.259,-5.16,-1895.244,4.465,1696524.177,13976.098,1.793,788362.044
376,eicker,2012,Large scal.txt,0.383333333,0.944954128,0.121212121,0.529411765,0.293103448,34974.075,1.47,505.624,4.908,1410676.204,14949.697,2.098,671456.267
377,Zhang etal,2018,revolutio.txt,0.376623377,1,0.263157895,0.333333333,0.28125,36646.14,2.01,720.402,4.802,1625014.415,14718.145,1.929,759812.726
378,li etal,2016,Thermal analysis.txt,0.87654321,1,0.87037037,-0.047619048,0.379310345,35452.459,-0.12,-43.947,4.75,1552442.538,14360.628,1.924,730640.879
379,zeinelabdein,2018,Free.txt,0.894988067,0.994520548,0.967741935,0.666666667,-0.533333333,36646.14,2.01,720.402,4.802,1625014.415,14718.145,1.929,759812.726
380,jarimi etal,2020,Review of sustainable method.txt,0.7696793,1,0.96969697,1,-0.2,34807.259,-5.16,-1895.244,4.465,1696524.177,13976.098,1.793,788362.044
381,shamsapour,2020,Developing.txt,-0.129770992,0.978723404,0.775862069,-0.111111111,0.086956522,34807.259,-5.16,-1895.244,4.465,1696524.177,13976.098,1.793,788362.044
382,Du etal,2017,impact of blades wrap energy.txt,-0.090909091,0.6,1,0.894736842,0.272727273,35925.738,1.33,473.278,4.76,1588368.275,14453.702,1.915,745094.581
383,li etal,2016,feasible energy saving analysis.txt,0.515151515,0.92,0.944700461,0.764705882,0.419354839,35452.459,-0.12,-43.947,4.75,1552442.538,14360.628,1.924,730640.879
384,wuxiong,2014,Passive.txt,0.81981982,0.628318584,0.918976546,0.72972973,0.212121212,35534.443,0.71,251.418,4.871,1481493.672,15062.902,2.065,701562.049
385,yang,2020,policy.txt,-0.782945736,0.950310559,0.393939394,0.666666667,0.130434783,34807.259,-5.16,-1895.244,4.465,1696524.177,13976.098,1.793,788362.044
386,angrisani etal,2013,the influence of cooling air.txt,0.838006231,0.803773585,0.781818182,1,-0.5625,35283.025,0.88,308.95,4.893,1445959.229,15042.88,2.086,686499.147
387,fang etal,2017,Experimental.txt,0.849315068,1,0.905882353,0.285714286,-0.055555556,35925.738,1.33,473.278,4.76,1588368.275,14453.702,1.915,745094.581
388,annadurai etal,2018,Experimental.txt,0.873278237,1,0.967213115,0,-0.333333333,36646.14,2.01,720.402,4.802,1625014.415,14718.145,1.929,759812.726
389,iwaro etal,2015,Validation of integrate.txt,0.709876543,0.955555556,0.872340426,0.5,-0.04587156,35496.406,-0.11,-38.037,4.81,1516990.078,14718.203,1.994,716280.251
390,ratlamwala,2012,Comparative.txt,0.169811321,0.991354467,0.872340426,0.5,-0.04587156,34974.075,1.47,505.624,4.908,1410676.204,14949.697,2.098,671456.267
391,kizilors and aydin,2020,Effect of therm.txt,0.787951807,0.951417004,0.538461538,0.6,-0.272727273,34807.259,-5.16,-1895.244,4.465,1696524.177,13976.098,1.793,788362.044
392,spataru,2010,Domestic energy and occupancy.txt,0.411764706,0.988439306,0.79020979,0.304347826,-0.068965517,33343.3,5.49,1736.258,4.793,1341233.677,13970.832,2.008,641725.345
393,gao etal,2010,concentrating PV modules.txt,0.700934579,0.983333333,0.816216216,0.581395349,-0.244444444,33343.3,5.49,1736.258,4.793,1341233.677,13970.832,2.008,641725.345
394,yu,2018,Theeconomic.txt,-0.083333333,0.771428571,0.866666667,0.111111111,-0.622641509,36646.14,2.01,720.402,4.802,1625014.415,14718.145,1.929,759812.726
395,patodi,2012,Performance.txt,0.733333333,0.952755906,0.642857143,0.666666667,0.583333333,34974.075,1.47,505.624,4.908,1410676.204,14949.697,2.098,671456.267
396,Daniel C. Staley,2013,urban forests and solar power.txt,0.12987013,1,0.142857143,1,0.5,35283.025,0.88,308.95,4.893,1445959.229,15042.88,2.086,686499.147
397,gUPTA,2009,Moving towards.txt,0.2,0.973684211,0.886792453,-0.076923077,-0.333333333,31607.042,-1.44,-462.402,4.599,1307890.377,13067.147,1.901,627754.514
398,Christian etal,2009,predictingdomestic.txt,0.630057803,0.952,0.808219178,1,-0.076923077,31607.042,-1.44,-462.402,4.599,1307890.377,13067.147,1.901,627754.514
399,feng etal,2010,Heating.txt,0.775100402,0.740740741,0.96107056,0.714285714,-0.125,33343.3,5.49,1736.258,4.793,1341233.677,13970.832,2.008,641725.345
400,Someren etal,2017,lighting performance.txt,0.654320988,0.971830986,0.746192893,0.75,-0.56097561,35925.738,1.33,473.278,4.76,1588368.275,14453.702,1.915,745094.581
401,malakhov,2010,Economic.txt,-0.416666667,0.993846154,0.784037559,0.5,-0.435294118,33343.3,5.49,1736.258,4.793,1341233.677,13970.832,2.008,641725.345
402,alsallal,2010,Daylighting and visual performance.txt,0.219178082,0.964912281,0.52238806,0.222222222,-0.56097561,33343.3,5.49,1736.258,4.793,1341233.677,13970.832,2.008,641725.345
403,sampedro etal,2016,Spanish.txt,-0.487179487,0.958762887,0.927536232,0.6,0.36,35452.459,-0.12,-43.947,4.75,1552442.538,14360.628,1.924,730640.879
404,zhang,2012,Enhanced Hea.txt,0.52,0.971830986,0.887788779,0.466666667,0.073170732,34974.075,1.47,505.624,4.908,1410676.204,14949.697,2.098,671456.267
405,varga,2017,Ontheselection.txt,0.045454545,0.92,0.806451613,0.333333333,0.407407407,35925.738,1.33,473.278,4.76,1588368.275,14453.702,1.915,745094.581
406,rogers,2011,Hydrogen.txt,-0.2,0.81512605,0.763779528,0.166666667,-0.096153846,34468.451,3.37,1125.151,4.895,1375702.128,14781.225,2.099,656506.57
407,gong etal,2012,Emissions.txt,0.395121951,0.428571429,0.745454545,0.6,-0.046357616,34974.075,1.47,505.624,4.908,1410676.204,14949.697,2.098,671456.267
408,alyousef and varnham,2010,Saudi Arabia.txt,0,0.964444444,0.924050633,0.466666667,0.130434783,33343.3,5.49,1736.258,4.793,1341233.677,13970.832,2.008,641725.345
409,enayatizade,2019,Techno econom.txt,0.687732342,0.714285714,0.875968992,0.294117647,0.095238095,36702.503,0.15,56.363,4.758,1661716.918,14573.219,1.889,774385.946
410,ahmad,2016,Investigation of the ef.txt,0.760598504,0.803571429,0.511111111,-0.142857143,0.208333333,35452.459,-0.12,-43.947,4.75,1552442.538,14360.628,1.924,730640.879
411,Cooke etal,2013,biomass energy crop feasibility.txt,0.222222222,0.986577181,0.868544601,-0.555555556,-0.882352941,35283.025,0.88,308.95,4.893,1445959.229,15042.88,2.086,686499.147
412,sunetal,2019,Study.txt,0.443037975,0.866666667,0.918367347,0.666666667,-0.28,36702.503,0.15,56.363,4.758,1661716.918,14573.219,1.889,774385.946
413,chen etal,2010,An experimentaL.txt,0.914191419,0.771428571,0.942675159,0.826086957,0.209302326,33343.3,5.49,1736.258,4.793,1341233.677,13970.832,2.008,641725.345
414,whiffen,2012,Areview.txt,0.743589744,0.887096774,0.653710247,0,0.418719212,34974.075,1.47,505.624,4.908,1410676.204,14949.697,2.098,671456.267
415,chen and li,2020,A state of art meth.txt,0.117021277,0.945945946,0.454545455,0.857142857,0.297297297,34807.259,-5.16,-1895.244,4.465,1696524.177,13976.098,1.793,788362.044
416,wajid,2019,Review.txt,0.922651934,0.818181818,0.848101266,0,-0.625,36702.503,0.15,56.363,4.758,1661716.918,14573.219,1.889,774385.946
417,maciel etal,2013,The impact.txt,0.591397849,0.984496124,-0.11627907,0.333333333,-0.523809524,35283.025,0.88,308.95,4.893,1445959.229,15042.88,2.086,686499.147
418,zhangetal,2020,Discrete.txt,0.777777778,1,0.873684211,0.25,-0.565217391,34807.259,-5.16,-1895.244,4.465,1696524.177,13976.098,1.793,788362.044
419,zhou,2009,thermocapillary.txt,-0.254237288,0.985294118,0.72,0.733333333,0.670103093,31607.042,-1.44,-462.402,4.599,1307890.377,13067.147,1.901,627754.514
420,Cuimin etal,2020,energy conservation.txt,0.895953757,0.981132075,0.924528302,0.416666667,0.2,34807.259,-5.16,-1895.244,4.465,1696524.177,13976.098,1.793,788362.044
421,wang and chi,2011,A laboratory.txt,0.814634146,0.396226415,1,0.666666667,0.666666667,34468.451,3.37,1125.151,4.895,1375702.128,14781.225,2.099,656506.57
422,Ibrahim Rizk Hegazy,2020,nano aerogel glazing.txt,0.308641975,0.466666667,0.657142857,0.2,0.473684211,34807.259,-5.16,-1895.244,4.465,1696524.177,13976.098,1.793,788362.044
423,rogers,2012,Yawanalysis.txt,0.555555556,1,0.773584906,0.5,0,34974.075,1.47,505.624,4.908,1410676.204,14949.697,2.098,671456.267
424,abdul,2012,Mod.txt,0.466666667,0.5,0.8125,0.5,0.675675676,34974.075,1.47,505.624,4.908,1410676.204,14949.697,2.098,671456.267
425,Yang and Yutong,2007,photovoltaic application.txt,-0.538461538,0.933333333,0.902439024,0.75,-0.238095238,31493.742,2.98,910.212,4.696,1244213.89,12811.338,1.91,601452.662
426,mojahedi etal,2020,Designing p.txt,0.630252101,0.932926829,1,0.857142857,0.538461538,34807.259,-5.16,-1895.244,4.465,1696524.177,13976.098,1.793,788362.044
427,Ma etal,2008,microencapsulated phase.txt,0.854545455,0.925,0.94092827,0.714285714,-0.172413793,32069.444,1.83,575.702,4.724,1276283.334,13234.705,1.949,614687.367
428,raj,2020,Design.txt,0.75308642,0.983050847,0.911538462,0.575757576,0.142857143,34807.259,-5.16,-1895.244,4.465,1696524.177,13976.098,1.793,788362.044
429,kim,2013,the investigation of an openi.txt,0.047619048,0.944954128,0.871681416,0.476190476,-0.034482759,35283.025,0.88,308.95,4.893,1445959.229,15042.88,2.086,686499.147
430,pandey etal,2011,Experimental.txt,0.662162162,0.979166667,0.909547739,0.851851852,-0.025641026,34468.451,3.37,1125.151,4.895,1375702.128,14781.225,2.099,656506.57
431,aldali,2011,energetic.txt,0.693617021,0.98245614,0.493670886,0.555555556,0.052631579,34468.451,3.37,1125.151,4.895,1375702.128,14781.225,2.099,656506.57
432,ong,2014,Reverseflow.txt,0.808695652,0.75,0,1,0.636363636,35534.443,0.71,251.418,4.871,1481493.672,15062.902,2.065,701562.049
433,Renato etal,2013,life cy.txt,0.264705882,0.983333333,0.902439024,-0.272727273,-0.481481481,35283.025,0.88,308.95,4.893,1445959.229,15042.88,2.086,686499.147
434,yadav etal,2020,Sustainable.txt,-0.022727273,0.974358974,0.705882353,0.6,0.272727273,34807.259,-5.16,-1895.244,4.465,1696524.177,13976.098,1.793,788362.044
435,valdiserri,2018,Evaluation.txt,0.666666667,0.982142857,0.777777778,0.5,0.111111111,36646.14,2.01,720.402,4.802,1625014.415,14718.145,1.929,759812.726
436,lee etal,2020,Performance estimation.txt,0.785234899,0.871794872,0.72972973,0.384615385,0.111111111,34807.259,-5.16,-1895.244,4.465,1696524.177,13976.098,1.793,788362.044
437,Busato etal,2008,cogeneration modules.txt,0.72826087,0.887096774,0.6,-1,-0.2,32069.444,1.83,575.702,4.724,1276283.334,13234.705,1.949,614687.367
438,ramadan etal,2016,Analysis.txt,0.753164557,0.692307692,0.489795918,0.310344828,-0.438596491,35452.459,-0.12,-43.947,4.75,1552442.538,14360.628,1.924,730640.879
439,Chun etal,2008,novel thermodiode designs.txt,0.75147929,0.907407407,0.710144928,0.5,0.125,32069.444,1.83,575.702,4.724,1276283.334,13234.705,1.949,614687.367
440,agyeni,2012,Experimenta.txt,0.94047619,0.903225806,0.893617021,0.529411765,-0.081081081,34974.075,1.47,505.624,4.908,1410676.204,14949.697,2.098,671456.267
441,shao,2019,Geological.txt,0.131782946,0.93877551,0.921259843,0.333333333,-0.649122807,36702.503,0.15,56.363,4.758,1661716.918,14573.219,1.889,774385.946
442,Riffat etal,2013,thermodynamical cooling sys.txt,0.858823529,1,-0.102040816,-0.272727273,-0.340425532,35283.025,0.88,308.95,4.893,1445959.229,15042.88,2.086,686499.147
443,Davies etal,2013,seawater.txt,0.658914729,0.928571429,-0.4,0.111111111,0.297297297,35283.025,0.88,308.95,4.893,1445959.229,15042.88,2.086,686499.147
444,buyagbie etal,2012,Conceptual design.txt,0.762376238,0.932038835,0.657142857,0.066666667,0.361702128,34974.075,1.47,505.624,4.908,1410676.204,14949.697,2.098,671456.267
445,john raftery,2009,Sustainable.txt,0,0.844827586,0.563218391,0.4,-0.181818182,31607.042,-1.44,-462.402,4.599,1307890.377,13067.147,1.901,627754.514
446,huang etal,2011,Design analysis of a F.txt,-0.4375,0.962655602,0.56043956,0.4,-0.407407407,34468.451,3.37,1125.151,4.895,1375702.128,14781.225,2.099,656506.57
447,wangetal,2014,Feasibility.txt,0.597222222,0.891891892,0.897435897,0.2,0.135135135,35534.443,0.71,251.418,4.871,1481493.672,15062.902,2.065,701562.049
448,li etal,2019,low power data.txt,0.04,0.647058824,0.775,0,0,36702.503,0.15,56.363,4.758,1661716.918,14573.219,1.889,774385.946
449,Chandiwala,2009,Sustainable Homes in the UK.txt,0.157894737,0.97979798,0.76744186,0.5,-0.432432432,31607.042,-1.44,-462.402,4.599,1307890.377,13067.147,1.901,627754.514
450,Utlu and Onal,2017,waste heat recovery.txt,0.796407186,1,0.182795699,0.62962963,0.407407407,35925.738,1.33,473.278,4.76,1588368.275,14453.702,1.915,745094.581
451,Budania etal,2013,solar absorption.txt,0.725752508,1,0.555555556,0.714285714,-0.411764706,35283.025,0.88,308.95,4.893,1445959.229,15042.88,2.086,686499.147
452,JENKINS,2009,cooling loads.txt,0.566502463,0.956043956,0.857142857,0.777777778,0.67032967,31607.042,-1.44,-462.402,4.599,1307890.377,13067.147,1.901,627754.514
453,rao,2013,Analysis.txt,0.678321678,0.291666667,0.902097902,-0.333333333,-0.882352941,35283.025,0.88,308.95,4.893,1445959.229,15042.88,2.086,686499.147
454,Lalzad,2013,desalination plant.txt,0.698324022,0.97037037,-0.578947368,0.878787879,-0.127272727,35283.025,0.88,308.95,4.893,1445959.229,15042.88,2.086,686499.147
455,khodaee etal,2019,Assessment of the level.txt,0.192982456,0.986206897,0.467532468,0.179487179,-0.306930693,36702.503,0.15,56.363,4.758,1661716.918,14573.219,1.889,774385.946
456,khennich etal,2013,Comparison of combined.txt,0.523178808,0.25,0.448275862,0.583333333,0.243243243,35283.025,0.88,308.95,4.893,1445959.229,15042.88,2.086,686499.147
457,abdel,2013,Ski.txt,-0.529411765,0.534883721,0.911688312,0.266666667,-0.155555556,35283.025,0.88,308.95,4.893,1445959.229,15042.88,2.086,686499.147
458,mattera etal,2018,Online Energy Simulator.txt,0.228915663,0.846153846,0.832369942,0.405405405,0.268817204,36646.14,2.01,720.402,4.802,1625014.415,14718.145,1.929,759812.726
459,ong,2011,Experimental.txt,0.698360656,0.905325444,0.873873874,0.3,0.032258065,34468.451,3.37,1125.151,4.895,1375702.128,14781.225,2.099,656506.57
460,Mohan etal,2008,air cooled hydrogen storage.txt,0.532846715,0.75,0.85915493,0.272727273,-0.6,32069.444,1.83,575.702,4.724,1276283.334,13234.705,1.949,614687.367
461,wang,2019,Performance.txt,0.637931034,0.946428571,0.142857143,0.84,0.754601227,36702.503,0.15,56.363,4.758,1661716.918,14573.219,1.889,774385.946
462,qi,2020,EER.txt,0.940298507,0.971830986,-0.055555556,-1,-0.917355372,34807.259,-5.16,-1895.244,4.465,1696524.177,13976.098,1.793,788362.044
463,Wang etal,2013,power and efficiency.txt,0.125,1,0.928571429,0.6,-0.052631579,35283.025,0.88,308.95,4.893,1445959.229,15042.88,2.086,686499.147
464,jain and hindoliya,2016,Energy saving.txt,0.869387755,0.578947368,0.928571429,0.6,-0.052631579,35452.459,-0.12,-43.947,4.75,1552442.538,14360.628,1.924,730640.879
465,Lazzarin,2007,absorption chillers.txt,0.657142857,0.928089888,0.914285714,0.333333333,0.407407407,31493.742,2.98,910.212,4.696,1244213.89,12811.338,1.91,601452.662
466,Khaled Saleh,2008,Chilean climate.txt,0.623188406,0.941952507,0.914285714,0.333333333,0.407407407,32069.444,1.83,575.702,4.724,1276283.334,13234.705,1.949,614687.367
467,tantasavasdi,2020,Impact.txt,0.768595041,0.64516129,-0.4,0.692307692,0.545454545,34807.259,-5.16,-1895.244,4.465,1696524.177,13976.098,1.793,788362.044
468,elsayed,2013,Thermodynamic.txt,0.719745223,0.777777778,0.666666667,0.829787234,0.333333333,35283.025,0.88,308.95,4.893,1445959.229,15042.88,2.086,686499.147
469,zhang etal,2010,performanc.txt,-0.238095238,0.977011494,0.733333333,-0.555555556,-0.7,33343.3,5.49,1736.258,4.793,1341233.677,13970.832,2.008,641725.345
470,kokogiannakis,2012,Impact of material surface.txt,0.469026549,0.916666667,0.70212766,1,0.345454545,34974.075,1.47,505.624,4.908,1410676.204,14949.697,2.098,671456.267
471,hamdy etal,2010,simulation based optimisation.txt,0.609195402,0.935483871,-0.310344828,-0.5,-0.674418605,33343.3,5.49,1736.258,4.793,1341233.677,13970.832,2.008,641725.345
472,li and zhang,2020,Developing the tran.txt,-0.018518519,0.971830986,0.578947368,0.75,0.565217391,34807.259,-5.16,-1895.244,4.465,1696524.177,13976.098,1.793,788362.044
473,Oleivera,2007,towards a renewable future.txt,-0.035714286,0.956284153,0.706521739,0.68,-0.37704918,31493.742,2.98,910.212,4.696,1244213.89,12811.338,1.91,601452.662
474,onyelowe,2019,Strength.txt,-0.25,1,0.25,-1,-0.793103448,36702.503,0.15,56.363,4.758,1661716.918,14573.219,1.889,774385.946
475,mccarthy,2011,Comparison of the perfor.txt,-0.268292683,0.818181818,0.25,0.6,0.304347826,34468.451,3.37,1125.151,4.895,1375702.128,14781.225,2.099,656506.57
476,wu etal,2010,thermoacoustic refrigeration.txt,0.594594595,0.988439306,0.869565217,1,0.466666667,33343.3,5.49,1736.258,4.793,1341233.677,13970.832,2.008,641725.345
477,jorge,2010,linear Fresnel.txt,0.5,1,0.621621622,-0.142857143,0.081081081,33343.3,5.49,1736.258,4.793,1341233.677,13970.832,2.008,641725.345
478,tiwari,2019,Entrans.txt,0.353159851,0.714285714,0.946188341,0.818181818,0.388888889,36702.503,0.15,56.363,4.758,1661716.918,14573.219,1.889,774385.946
479,lisha etal,2018,Structural rec.txt,0.608695652,1,-0.151515152,-0.111111111,-0.073170732,36646.14,2.01,720.402,4.802,1625014.415,14718.145,1.929,759812.726
480,Riffat etal,2013,experimental investigation.txt,0.843373494,1,0.685714286,0.863636364,0.5,35283.025,0.88,308.95,4.893,1445959.229,15042.88,2.086,686499.147
481,tasi,2013,Control.txt,0.178571429,0.966527197,0.816901408,0.333333333,-0.24137931,35283.025,0.88,308.95,4.893,1445959.229,15042.88,2.086,686499.147
482,li,2020,Analysis on.txt,0.836477987,0.961165049,0.75,0.125,-0.04,34807.259,-5.16,-1895.244,4.465,1696524.177,13976.098,1.793,788362.044
483,fritschi etal,2016,Efficiency.txt,0.502762431,0.982300885,0.74137931,0.533333333,0.339130435,35452.459,-0.12,-43.947,4.75,1552442.538,14360.628,1.924,730640.879
484,su etal,2010,feasibility.txt,0.789473684,0.777777778,0.714285714,0,-0.033333333,33343.3,5.49,1736.258,4.793,1341233.677,13970.832,2.008,641725.345
485,klunne and michael,2010,Increasing.txt,0.090909091,0.473684211,0.839506173,0.840909091,0.097276265,33343.3,5.49,1736.258,4.793,1341233.677,13970.832,2.008,641725.345
486,srivastav etal,2009,energy.txt,0.509578544,0.909090909,0.793103448,1,-0.090909091,31607.042,-1.44,-462.402,4.599,1307890.377,13067.147,1.901,627754.514
487,Jorge etal,2008,cogeneration ORC system.txt,0.805555556,0.964912281,0.842105263,0.777777778,-0.090909091,32069.444,1.83,575.702,4.724,1276283.334,13234.705,1.949,614687.367
488,lee etal,2013,Rooftop photovoltaic.txt,0.214285714,-0.411764706,0.898989899,0.515151515,-0.333333333,35283.025,0.88,308.95,4.893,1445959.229,15042.88,2.086,686499.147
489,azad,2012,heat pipe heat exchanger.txt,0.80876494,0.6,0.571428571,0.2,-0.6,34974.075,1.47,505.624,4.908,1410676.204,14949.697,2.098,671456.267
490,jiang etal,2010,solar thermosyphon systems.txt,0.495327103,0.718592965,0.294117647,0.714285714,0.333333333,33343.3,5.49,1736.258,4.793,1341233.677,13970.832,2.008,641725.345
491,qingyang,2020,Energy.txt,0.616161616,0.931034483,0.803921569,-0.647058824,-0.538461538,34807.259,-5.16,-1895.244,4.465,1696524.177,13976.098,1.793,788362.044
492,tham,2011,Energy.txt,0.237113402,0.75,1,0,0.083333333,34468.451,3.37,1125.151,4.895,1375702.128,14781.225,2.099,656506.57
493,Liu etal,2009,comparative study.txt,0.504854369,0.965616046,0.728813559,0.897435897,0.303030303,31607.042,-1.44,-462.402,4.599,1307890.377,13067.147,1.901,627754.514
494,Gupta,2009,Sustainable energy technologies.txt,0.25,0.978835979,-0.052631579,0.764705882,0.317073171,31607.042,-1.44,-462.402,4.599,1307890.377,13067.147,1.901,627754.514
495,maslennikov etal,2010,Advanced.txt,0.135802469,0.924528302,0.881081081,1,0,33343.3,5.49,1736.258,4.793,1341233.677,13970.832,2.008,641725.345
496,utlu,2019,Thermophotovoltaic.txt,0.746031746,0.95,0.800738007,-0.5,-0.274725275,36702.503,0.15,56.363,4.758,1661716.918,14573.219,1.889,774385.946
497,marquiz,2013,analysis.txt,-0.055555556,0.895953757,0.782608696,0.692307692,0.125,35283.025,0.88,308.95,4.893,1445959.229,15042.88,2.086,686499.147
498,sukarno,2020,Multistage.txt,0.893877551,0.68,0.873684211,0.642857143,-0.108108108,34807.259,-5.16,-1895.244,4.465,1696524.177,13976.098,1.793,788362.044
499,Ernest,2008,sun spot related climate variations.txt,0.652631579,0.913043478,-0.333333333,-0.703703704,-0.087378641,32069.444,1.83,575.702,4.724,1276283.334,13234.705,1.949,614687.367
500,Iwaro etal,2014,assessment design.txt,0.045751634,0.973333333,0.937984496,0.333333333,0,35534.443,0.71,251.418,4.871,1481493.672,15062.902,2.065,701562.049
501,ana etal,2010,Performance simulation.txt,0.869822485,0.75,0.840909091,-0.2,-0.0625,33343.3,5.49,1736.258,4.793,1341233.677,13970.832,2.008,641725.345
502,Yee Chow,2009,zero carbon targets.txt,0.508196721,1,0.636363636,0.5,0.294117647,31607.042,-1.44,-462.402,4.599,1307890.377,13067.147,1.901,627754.514
503,ivanova,2014,3D analysis of the incident diffuse irradiance.txt,0.859649123,0.948387097,0.759493671,0.44,-0.219512195,35534.443,0.71,251.418,4.871,1481493.672,15062.902,2.065,701562.049
504,wongwatcharapa,2019,filtrative.txt,0.74137931,0.414634146,0.980487805,-0.6,-0.641025641,36702.503,0.15,56.363,4.758,1661716.918,14573.219,1.889,774385.946
505,alayietal,2020,Technical and environmental.txt,0.719298246,1,0.906976744,0.833333333,0.058823529,34807.259,-5.16,-1895.244,4.465,1696524.177,13976.098,1.793,788362.044
506,Boukhanouf etal,2013,generation s.txt,0.75862069,0.991169978,0.862068966,0.2,-0.066666667,35283.025,0.88,308.95,4.893,1445959.229,15042.88,2.086,686499.147
507,tamer,2013,Optimization.txt,0.443037975,0.986754967,0.909774436,0.333333333,0.043478261,35283.025,0.88,308.95,4.893,1445959.229,15042.88,2.086,686499.147
508,Barros etal,2013,land use.txt,0.384615385,0.810810811,0.777777778,0.176470588,0.04,35283.025,0.88,308.95,4.893,1445959.229,15042.88,2.086,686499.147
509,Prabhakant etal,2009,Energy payback time.txt,0.444444444,0.533333333,0.25,-1,-0.5,31607.042,-1.44,-462.402,4.599,1307890.377,13067.147,1.901,627754.514
510,maheshwari,2009,Performance.txt,0.780821918,1,0.948275862,-0.052631579,0.636363636,31607.042,-1.44,-462.402,4.599,1307890.377,13067.147,1.901,627754.514
511,kartal,2013,Comparison.txt,-0.319148936,0.930434783,0.9375,0.411764706,0.58974359,35283.025,0.88,308.95,4.893,1445959.229,15042.88,2.086,686499.147
512,mortazavi etal,2019,Analysis.txt,-0.6,0.972413793,0.555555556,0.714285714,0.43902439,36702.503,0.15,56.363,4.758,1661716.918,14573.219,1.889,774385.946
513,petra,2010,advancedzero.txt,-0.106796117,0.860465116,0.888888889,-0.6,1,33343.3,5.49,1736.258,4.793,1341233.677,13970.832,2.008,641725.345
514,song,2013,Control.txt,0.380530973,0.94047619,0.925925926,0.743589744,0.650793651,35283.025,0.88,308.95,4.893,1445959.229,15042.88,2.086,686499.147
515,elsayed,2014,Numerical investigation.txt,0.563829787,0.867549669,0.555555556,0.555555556,0.034482759,35534.443,0.71,251.418,4.871,1481493.672,15062.902,2.065,701562.049
516,law etal,2013,heat pump and an organic Rankine.txt,0.64516129,0.368421053,0.962264151,1,0.76,35283.025,0.88,308.95,4.893,1445959.229,15042.88,2.086,686499.147
517,rodrigues,2013,Anovel.txt,0.803278689,0.986666667,0.918918919,0,-0.294117647,35283.025,0.88,308.95,4.893,1445959.229,15042.88,2.086,686499.147
518,chen etal,2018,Performance.txt,0.887323944,0.965517241,0.967032967,-0.333333333,-0.75,36646.14,2.01,720.402,4.802,1625014.415,14718.145,1.929,759812.726
519,hormazabal etal,2016,The performance.txt,0.78,0.985294118,0.913978495,-1,-0.931034483,35452.459,-0.12,-43.947,4.75,1552442.538,14360.628,1.924,730640.879
520,assad,2020,Renewable.txt,0.823129252,0.357142857,0.875,-1,-1,34807.259,-5.16,-1895.244,4.465,1696524.177,13976.098,1.793,788362.044
521,fazeli,2013,Analysing.txt,-0.37037037,0.921052632,1,-1,0.314285714,35283.025,0.88,308.95,4.893,1445959.229,15042.88,2.086,686499.147
522,wangetal,2012,Thermal.txt,0.691629956,0.954545455,0.980769231,0.111111111,0.26984127,34974.075,1.47,505.624,4.908,1410676.204,14949.697,2.098,671456.267
523,wangetal,2019,Study.txt,0.545454545,0.978417266,-1,1,0.314285714,36702.503,0.15,56.363,4.758,1661716.918,14573.219,1.889,774385.946
524,janchen etal,2012,"Preparation, hydrot.txt",0.818181818,0.986666667,0.947761194,0.833333333,0.529411765,34974.075,1.47,505.624,4.908,1410676.204,14949.697,2.098,671456.267
525,Birnie etal,2013,effective air purification.txt,0.506849315,0.759036145,0.865724382,0.818181818,-0.310344828,35283.025,0.88,308.95,4.893,1445959.229,15042.88,2.086,686499.147
526,igbum etal,2019,Feasibility stud.txt,0.3125,0.707317073,0.58974359,0.111111111,-0.238095238,36702.503,0.15,56.363,4.758,1661716.918,14573.219,1.889,774385.946
527,Chen etal,2008,constructional entransy.txt,0.371681416,0.68,0.978494624,1,0.574468085,32069.444,1.83,575.702,4.724,1276283.334,13234.705,1.949,614687.367
528,yadav,2012,On the suitability.txt,0.744680851,0.94011976,0.840277778,0.133333333,-0.05,34974.075,1.47,505.624,4.908,1410676.204,14949.697,2.098,671456.267
529,cai and yan,2018,The plannin.txt,-0.882352941,0.5,0.869281046,0.181818182,-0.358974359,36646.14,2.01,720.402,4.802,1625014.415,14718.145,1.929,759812.726
530,li etal,2012,Experimental study on the di.txt,0.808988764,0.811320755,0.8125,0,-0.12195122,34974.075,1.47,505.624,4.908,1410676.204,14949.697,2.098,671456.267
531,ciampi etal,2014,energy and economic analyses.txt,0.747474747,0.958333333,0.847457627,0.5,-0.151515152,35534.443,0.71,251.418,4.871,1481493.672,15062.902,2.065,701562.049
532,javed and fahlen,2011,Thermal response.txt,0.456790123,0.957219251,0.828571429,-0.2,-0.363636364,34468.451,3.37,1125.151,4.895,1375702.128,14781.225,2.099,656506.57
533,avgerinos ,2013,Computational study.txt,0.797752809,0.886178862,-0.585365854,0.25,-0.166666667,35283.025,0.88,308.95,4.893,1445959.229,15042.88,2.086,686499.147
534,shang,2020,Ruralecotourism.txt,0.025641026,1,-0.066666667,0.75,0.7578125,34807.259,-5.16,-1895.244,4.465,1696524.177,13976.098,1.793,788362.044
535,Tufail,2020,confined rubberized concrete.txt,-0.782608696,0.937984496,0.409836066,-0.111111111,-0.210526316,34807.259,-5.16,-1895.244,4.465,1696524.177,13976.098,1.793,788362.044
536,Noro and Lazzarin,2017,heat pump system.txt,0.685950413,0.986206897,0.951515152,0.914893617,0.5,35925.738,1.33,473.278,4.76,1588368.275,14453.702,1.915,745094.581
537,ricci etal,2014,development.txt,0.616438356,0.93814433,0.071428571,-0.166666667,-0.578947368,35534.443,0.71,251.418,4.871,1481493.672,15062.902,2.065,701562.049
538,oleg,2010,autonomous energy systems.txt,0.272727273,0.958762887,0.961165049,0.6,-0.485714286,33343.3,5.49,1736.258,4.793,1341233.677,13970.832,2.008,641725.345
539,Bi etal,2009,Ecological.txt,0.864285714,0.837837838,0.887850467,0.666666667,0.142857143,31607.042,-1.44,-462.402,4.599,1307890.377,13067.147,1.901,627754.514
540,li and yang,2010,Energy and exergy analysis.txt,0.81595092,0.961290323,0.901639344,0.416666667,0.361702128,33343.3,5.49,1736.258,4.793,1341233.677,13970.832,2.008,641725.345
541,corberan etal,2018,Dual source.txt,0.764210526,0.963963964,0.941747573,0,0.12,36646.14,2.01,720.402,4.802,1625014.415,14718.145,1.929,759812.726
542,zhang,2020,Res.txt,-0.666666667,0.91011236,0.793103448,-0.222222222,-0.263157895,34807.259,-5.16,-1895.244,4.465,1696524.177,13976.098,1.793,788362.044
543,akyuz,2010,Energetic.txt,0.385964912,0.166666667,0.828220859,0.6,-0.454545455,33343.3,5.49,1736.258,4.793,1341233.677,13970.832,2.008,641725.345
544,Wang etal,2013,power and power density.txt,0.657142857,1,0.850746269,0.272727273,0.066666667,35283.025,0.88,308.95,4.893,1445959.229,15042.88,2.086,686499.147
545,shakouri,2020,Thermodynamic.txt,0.126984127,0.941176471,0.756756757,1,-0.444444444,34807.259,-5.16,-1895.244,4.465,1696524.177,13976.098,1.793,788362.044
546,zhan,2010,Numerical.txt,0.929961089,1,0.798561151,0.454545455,-0.352941176,33343.3,5.49,1736.258,4.793,1341233.677,13970.832,2.008,641725.345
547,Azad,2008,Split heat pipe heat.txt,0.825641026,0.849056604,0.933054393,0.666666667,-0.466666667,32069.444,1.83,575.702,4.724,1276283.334,13234.705,1.949,614687.367
548,shuai,2018,Whatdo.txt,-0.739130435,0.90647482,1,,1,36646.14,2.01,720.402,4.802,1625014.415,14718.145,1.929,759812.726
549,wangabdullah,2011,Investigating.txt,0.696750903,0.913043478,-0.2,0.894736842,0.666666667,34468.451,3.37,1125.151,4.895,1375702.128,14781.225,2.099,656506.57
550,oyieke,2019,Multilayered.txt,0.737864078,0.827586207,0.917525773,0.7,-0.074074074,36702.503,0.15,56.363,4.758,1661716.918,14573.219,1.889,774385.946
551,lin,2016,Stratum ventilation a low c.txt,0.543726236,0.974683544,0.375,-0.2,0.027027027,35452.459,-0.12,-43.947,4.75,1552442.538,14360.628,1.924,730640.879
552,jasen and marchetti,2012,Kinetic study of.txt,-0.111111111,1,0.95959596,-1,-0.739130435,34974.075,1.47,505.624,4.908,1410676.204,14949.697,2.098,671456.267
553,ranjan,2016,Energy.txt,0.444816054,0.972222222,0.922705314,0.538461538,0.371428571,35452.459,-0.12,-43.947,4.75,1552442.538,14360.628,1.924,730640.879
554,bANSAL,2009,evaporative cooling.txt,0.866666667,0.944444444,0.910828025,0.846153846,0.181818182,31607.042,-1.44,-462.402,4.599,1307890.377,13067.147,1.901,627754.514
555,jradi and riffat,2012,Medium temper.txt,0.693693694,0.970149254,0.272727273,0.285714286,0,34974.075,1.47,505.624,4.908,1410676.204,14949.697,2.098,671456.267
556,Jarimi etal,2018,solar thermal.txt,0.777777778,0.96626506,0.770491803,0,-0.142857143,36646.14,2.01,720.402,4.802,1625014.415,14718.145,1.929,759812.726
557,lee etal,2013,high rise.txt,0.333333333,0.941176471,0.823529412,0.416666667,-0.206896552,35283.025,0.88,308.95,4.893,1445959.229,15042.88,2.086,686499.147
558,man etal,2010,Operation.txt,0.904761905,0.913043478,0.952380952,0.5,0.142857143,33343.3,5.49,1736.258,4.793,1341233.677,13970.832,2.008,641725.345
559,khzouz etal,2011,Characterizatio.txt,0.3,0.906542056,0.384615385,-0.333333333,-0.674418605,34468.451,3.37,1125.151,4.895,1375702.128,14781.225,2.099,656506.57
560,aleknaviviute,2016,Towards clean.txt,0.384615385,0.96875,0.912727273,0.2,-0.413043478,35452.459,-0.12,-43.947,4.75,1552442.538,14360.628,1.924,730640.879
561,rodrigues,2016,Investigating.txt,0.2875,0.75,0.5,0.666666667,0.208333333,35452.459,-0.12,-43.947,4.75,1552442.538,14360.628,1.924,730640.879
562,reay,2013,are the process industries.txt,0.632352941,0.75,-0.555555556,0.5,0.576923077,35283.025,0.88,308.95,4.893,1445959.229,15042.88,2.086,686499.147
563,bhattacharyya etal,2010,adiabatic capillary tube in a transcritical CO2 system.txt,0.3125,0.833333333,1,0.666666667,0.555555556,33343.3,5.49,1736.258,4.793,1341233.677,13970.832,2.008,641725.345
564,gharghani,2020,An experimental.txt,0.286821705,0.992366412,0.962264151,1,0.466666667,34807.259,-5.16,-1895.244,4.465,1696524.177,13976.098,1.793,788362.044
565,nygard,2012,Review.txt,0.280898876,0.962441315,0.874125874,-0.333333333,-0.230769231,34974.075,1.47,505.624,4.908,1410676.204,14949.697,2.098,671456.267
566,Boncini etal,2008,Double Light Pipe.txt,0.238095238,0.902439024,-0.428571429,0.326530612,0.240310078,32069.444,1.83,575.702,4.724,1276283.334,13234.705,1.949,614687.367
567,guo etal,2012,Numerical.txt,0.05952381,0.878787879,0.872340426,0.555555556,0.045454545,34974.075,1.47,505.624,4.908,1410676.204,14949.697,2.098,671456.267
568,sicre,2015,High.txt,0.748502994,0.926289926,0.625,0.5,-0.263157895,35496.406,-0.11,-38.037,4.81,1516990.078,14718.203,1.994,716280.251
569,Embaye etal,2014,effect of flow pulsation.txt,0.817142857,0.87037037,0.3,0.647058824,0.416666667,35534.443,0.71,251.418,4.871,1481493.672,15062.902,2.065,701562.049
570,papadak,2013,Aparametric.txt,0.756097561,0.783783784,0.971326165,0.538461538,-0.409090909,35283.025,0.88,308.95,4.893,1445959.229,15042.88,2.086,686499.147
571,Rojas,2013,Atrium building design.txt,0.559322034,1,0.485714286,0.428571429,0.538461538,35283.025,0.88,308.95,4.893,1445959.229,15042.88,2.086,686499.147
572,taha,2013,Meteorological.txt,0.252225519,0.975609756,0.843478261,0.739130435,0.353383459,35283.025,0.88,308.95,4.893,1445959.229,15042.88,2.086,686499.147
573,auid etal,2013,Organic Rankine cycles.txt,0.744493392,0.914529915,0.978835979,0.5,0.083333333,35283.025,0.88,308.95,4.893,1445959.229,15042.88,2.086,686499.147
574,bottarelli,2019,Testing of a dualsource heat pump.txt,0.848101266,0.96013289,0.932885906,0,0.444444444,36702.503,0.15,56.363,4.758,1661716.918,14573.219,1.889,774385.946
575,gurler,2020,longterm monitoring.txt,0.705722071,0.857142857,0.291666667,0.272727273,-0.555555556,34807.259,-5.16,-1895.244,4.465,1696524.177,13976.098,1.793,788362.044
576,Guo etal,2018,Surrounding rock control.txt,-0.953846154,0.952380952,0.95951417,0.882352941,0.259259259,36646.14,2.01,720.402,4.802,1625014.415,14718.145,1.929,759812.726
577,busato etal,2012,Energy and economic.txt,0.648648649,0.988439306,0.718309859,0.555555556,-0.166666667,34974.075,1.47,505.624,4.908,1410676.204,14949.697,2.098,671456.267
578,mohan,2009,The performance.txt,0.561290323,1,0.890909091,0,-0.636363636,31607.042,-1.44,-462.402,4.599,1307890.377,13067.147,1.901,627754.514
579,Maheshwari etal,2009,performance analysis.txt,0.894736842,0.926829268,0.958041958,-0.333333333,-0.555555556,31607.042,-1.44,-462.402,4.599,1307890.377,13067.147,1.901,627754.514
580,kler etal,2010,combined technolo.txt,0.580952381,0.636363636,0.917431193,0.6,0.034482759,33343.3,5.49,1736.258,4.793,1341233.677,13970.832,2.008,641725.345
581,darkwa and fraser,2012,Performance of an integrated solar absorption cooling system.txt,0.830508475,0.95959596,0.958762887,0.666666667,0.090909091,34974.075,1.47,505.624,4.908,1410676.204,14949.697,2.098,671456.267
582,chen etal,2010,Development of photovoltaic thermal.txt,0.668789809,1,0.771428571,-0.076923077,-0.090909091,33343.3,5.49,1736.258,4.793,1341233.677,13970.832,2.008,641725.345
583,riffat,2017,Overview.txt,0.702857143,0.991341991,1,1,0.777777778,35925.738,1.33,473.278,4.76,1588368.275,14453.702,1.915,745094.581
584,wangetal,2019,Research.txt,-0.631578947,0.333333333,-1,0.935483871,0.636363636,36702.503,0.15,56.363,4.758,1661716.918,14573.219,1.889,774385.946
585,Gao etal,2013,A comparativ.txt,-0.117647059,0.953846154,-0.5,0.966666667,0.666666667,35283.025,0.88,308.95,4.893,1445959.229,15042.88,2.086,686499.147
586,yi etal,2009,atriums in subtropical climate.txt,0.318181818,0.989528796,0.692307692,0.333333333,0.111111111,31607.042,-1.44,-462.402,4.599,1307890.377,13067.147,1.901,627754.514
587,Lazzarin etal,2013,annual air conditioning.txt,0.698324022,0.625,0.882352941,0.666666667,-0.142857143,35283.025,0.88,308.95,4.893,1445959.229,15042.88,2.086,686499.147
588,yali,2014,Simulation.txt,-0.714285714,0.709090909,0.897435897,0.6,-0.641025641,35534.443,0.71,251.418,4.871,1481493.672,15062.902,2.065,701562.049
589,arslan,2013,Characterization.txt,0.850931677,0.985074627,0.529411765,0.571428571,0.435897436,35283.025,0.88,308.95,4.893,1445959.229,15042.88,2.086,686499.147
590,Ajay,2009,simultaneous.txt,0.563318777,0.935483871,0.6,0.578947368,0.583333333,31607.042,-1.44,-462.402,4.599,1307890.377,13067.147,1.901,627754.514
591,trevor,2016,Design.txt,0.726829268,1,0.904761905,,0.684210526,35452.459,-0.12,-43.947,4.75,1552442.538,14360.628,1.924,730640.879
592,lian etal,2016,Simultaneous synthes.txt,0.717073171,0.692307692,-0.235294118,-0.428571429,-0.625,35452.459,-0.12,-43.947,4.75,1552442.538,14360.628,1.924,730640.879
593,chen etal,2016,Theoretical.txt,0.804511278,0.941605839,0.988372093,1,1,35452.459,-0.12,-43.947,4.75,1552442.538,14360.628,1.924,730640.879
594,cuce and cuce,2013,Theoretical investigation of hot box solar coo.txt,0.551515152,0.523809524,0.88372093,1,0.090909091,35283.025,0.88,308.95,4.893,1445959.229,15042.88,2.086,686499.147
595,mohan ,2011,Parametric.txt,0.841924399,0.631578947,-0.066666667,0.787234043,0.674418605,34468.451,3.37,1125.151,4.895,1375702.128,14781.225,2.099,656506.57
596,suetal,2018,Nanosilicon.txt,0.28,0.93814433,-0.043478261,-0.375,-0.23943662,36646.14,2.01,720.402,4.802,1625014.415,14718.145,1.929,759812.726
597,opubo,2013,Ahigh.txt,0.406896552,1,0.954545455,0.931034483,0.176470588,35283.025,0.88,308.95,4.893,1445959.229,15042.88,2.086,686499.147
598,ghabra,2017,The impac.txt,0.433962264,0.967741935,0.982608696,0.2,0.733333333,35925.738,1.33,473.278,4.76,1588368.275,14453.702,1.915,745094.581
599,awogbemi etal,2020,Optimization of FAME.txt,-0.295454545,0.93258427,0.047619048,0.6,0.018867925,34807.259,-5.16,-1895.244,4.465,1696524.177,13976.098,1.793,788362.044
600,dayma etal,2013,Energetic and exergetic analyses of a transcritical N2O heat pump system.txt,0.695652174,0.939393939,0.971830986,0.75,-0.466666667,35283.025,0.88,308.95,4.893,1445959.229,15042.88,2.086,686499.147
601,Lazzarin,2007,Solar cooling plants.txt,0.793814433,1,0.939393939,1,-0.058823529,31493.742,2.98,910.212,4.696,1244213.89,12811.338,1.91,601452.662
602,symes,2013,enhanced.txt,0.142857143,0.764705882,-0.411764706,0.636363636,-0.26984127,35283.025,0.88,308.95,4.893,1445959.229,15042.88,2.086,686499.147
603,ana etal,2019,Energy assessment.txt,0.686956522,0.881578947,0.085106383,-0.047619048,-0.505154639,36702.503,0.15,56.363,4.758,1661716.918,14573.219,1.889,774385.946
604,Gennaro,2014,climatechangeAndRespiratory.txt,0.032820513,0.837398374,0.76,0.473684211,0.355371901,35534.443,0.71,251.418,4.871,1481493.672,15062.902,2.065,701562.049
605,awogbemi etal,2019,Comparative stud.txt,-0.247524752,0.428571429,0.906976744,1,0.5,36702.503,0.15,56.363,4.758,1661716.918,14573.219,1.889,774385.946
606,bwapwa etal,2019,Jet fuel.txt,-0.025,0.897959184,0.942028986,1,0.294117647,36702.503,0.15,56.363,4.758,1661716.918,14573.219,1.889,774385.946
