,Unnamed: 0,author,year,title,Big_numbers,Small_numbers,big-small-ratio,co2,co2_growth_prct,co2_growth_abs,co2_per_capita,cumulative_co2,coal_co2,coal_co2_per_capita,cumulative_coal_co2
0,0,aaditya,2012,Climate responsive.txt,0,4,-1.0,34974.075,1.47,505.624,4.908,1410676.204,14949.697,2.098,671456.267
1,1,abdel,2013,Ski.txt,1,3,-0.5,35283.025,0.88,308.95,4.893,1445959.229,15042.88,2.086,686499.147
2,2,abdul,2012,Mod.txt,4,1,0.6,34974.075,1.47,505.624,4.908,1410676.204,14949.697,2.098,671456.267
3,3,abo,2012,Microaerobic.txt,0,6,-1.0,34974.075,1.47,505.624,4.908,1410676.204,14949.697,2.098,671456.267
4,4,Abu,2009,compression.txt,0,2,-1.0,31607.042,-1.44,-462.402,4.599,1307890.377,13067.147,1.901,627754.514
5,5,afonso,2013,Tracer gas.txt,4,27,-0.7419354838709677,35283.025,0.88,308.95,4.893,1445959.229,15042.88,2.086,686499.147
6,6,afrasiabian,2019,analysis.txt,0,6,-1.0,36702.503,0.15,56.363,4.758,1661716.918,14573.219,1.889,774385.946
7,7,agrawal,2011,Flow characteristics.txt,0,12,-1.0,34468.451,3.37,1125.151,4.895,1375702.128,14781.225,2.099,656506.57
8,8,agrawal,2012,Study.txt,0,7,-1.0,34974.075,1.47,505.624,4.908,1410676.204,14949.697,2.098,671456.267
9,9,agyeni,2012,Experimenta.txt,2,16,-0.7777777777777778,34974.075,1.47,505.624,4.908,1410676.204,14949.697,2.098,671456.267
10,10,ahmad,2016,Investigation of the ef.txt,0,9,-1.0,35452.459,-0.12,-43.947,4.75,1552442.538,14360.628,1.924,730640.879
11,11,ahmadi,2016,Applying.txt,0,8,-1.0,35452.459,-0.12,-43.947,4.75,1552442.538,14360.628,1.924,730640.879
12,12,ahmadi,2016,Thermodynamic anal.txt,1,6,-0.7142857142857143,35452.459,-0.12,-43.947,4.75,1552442.538,14360.628,1.924,730640.879
13,13,ahmadi,2020,Portfolio optimization.txt,0,21,-1.0,34807.259,-5.16,-1895.244,4.465,1696524.177,13976.098,1.793,788362.044
14,14,ahmed,2018,Design methodology.txt,0,7,-1.0,36646.14,2.01,720.402,4.802,1625014.415,14718.145,1.929,759812.726
15,15,Ajay,2009,simultaneous.txt,3,20,-0.7391304347826086,31607.042,-1.44,-462.402,4.599,1307890.377,13067.147,1.901,627754.514
16,16,akyuz,2010,Energetic.txt,3,8,-0.4545454545454545,33343.3,5.49,1736.258,4.793,1341233.677,13970.832,2.008,641725.345
17,17,alamier,2020, Synthesi.txt,0,4,-1.0,34807.259,-5.16,-1895.244,4.465,1696524.177,13976.098,1.793,788362.044
18,18,alayietal,2020,Energy.txt,0,2,-1.0,34807.259,-5.16,-1895.244,4.465,1696524.177,13976.098,1.793,788362.044
19,19,alayietal,2020,Technical and environmental.txt,4,3,0.1428571428571428,34807.259,-5.16,-1895.244,4.465,1696524.177,13976.098,1.793,788362.044
20,20,aldali,2011,energetic.txt,3,12,-0.6,34468.451,3.37,1125.151,4.895,1375702.128,14781.225,2.099,656506.57
21,21,aldali,2011,Solar absorber tube analysis.txt,0,16,-1.0,34468.451,3.37,1125.151,4.895,1375702.128,14781.225,2.099,656506.57
22,22,aleknaviciute,2012,Plasma assis.txt,0,4,-1.0,34974.075,1.47,505.624,4.908,1410676.204,14949.697,2.098,671456.267
23,23,aleknaviviute,2016,Towards clean.txt,1,8,-0.7777777777777778,35452.459,-0.12,-43.947,4.75,1552442.538,14360.628,1.924,730640.879
24,24,alexander,2013,solid sorption.txt,1,21,-0.9090909090909092,35283.025,0.88,308.95,4.893,1445959.229,15042.88,2.086,686499.147
25,25,ali ahmadi,2016,Modeling solubility of carb.txt,1,12,-0.8461538461538461,35452.459,-0.12,-43.947,4.75,1552442.538,14360.628,1.924,730640.879
26,26,alkhalidi etal,2019,Energy efficient cooling.txt,0,14,-1.0,36702.503,0.15,56.363,4.758,1661716.918,14573.219,1.889,774385.946
27,27,alkhalidi etal,2020,Using Wood.txt,3,14,-0.6470588235294118,34807.259,-5.16,-1895.244,4.465,1696524.177,13976.098,1.793,788362.044
28,28,alkhalidi,2020, Do green buildings.txt,9,9,0.0,34807.259,-5.16,-1895.244,4.465,1696524.177,13976.098,1.793,788362.044
29,29,Allison,2014,thermal energy storage.txt,8,8,0.0,35534.443,0.71,251.418,4.871,1481493.672,15062.902,2.065,701562.049
30,30,alm,2020,Quantum chemica.txt,1,0,1.0,34807.259,-5.16,-1895.244,4.465,1696524.177,13976.098,1.793,788362.044
31,31,almosawi,2020,Synergistic effect of.txt,0,6,-1.0,34807.259,-5.16,-1895.244,4.465,1696524.177,13976.098,1.793,788362.044
32,32,almutairi etal,2011,Cycling durability studies.txt,3,10,-0.5384615384615384,34468.451,3.37,1125.151,4.895,1375702.128,14781.225,2.099,656506.57
33,33,alqahtani,2019,The effect.txt,0,11,-1.0,36702.503,0.15,56.363,4.758,1661716.918,14573.219,1.889,774385.946
34,34,alqahtani,2020,Building enve.txt,2,4,-0.3333333333333333,34807.259,-5.16,-1895.244,4.465,1696524.177,13976.098,1.793,788362.044
35,35,alsallal,2010,Daylighting and visual performance.txt,4,8,-0.3333333333333333,33343.3,5.49,1736.258,4.793,1341233.677,13970.832,2.008,641725.345
36,36,alsallal,2018,Daylighting performan.txt,0,6,-1.0,36646.14,2.01,720.402,4.802,1625014.415,14718.145,1.929,759812.726
37,37,altan etal,2019,An experimental study roof.txt,1,17,-0.8888888888888888,36702.503,0.15,56.363,4.758,1661716.918,14573.219,1.889,774385.946
38,38,alwetaishi,2019,Sustainable ap.txt,1,14,-0.8666666666666667,36702.503,0.15,56.363,4.758,1661716.918,14573.219,1.889,774385.946
39,39,alyousef and varnham,2010,Saudi Arabia.txt,2,4,-0.3333333333333333,33343.3,5.49,1736.258,4.793,1341233.677,13970.832,2.008,641725.345
40,40,Amanda Sabo,2016,impacts and response.txt,9,69,-0.7692307692307693,35452.459,-0.12,-43.947,4.75,1552442.538,14360.628,1.924,730640.879
41,41,Amanda,2016,Water Sensitive Planning Practices.txt,2,34,-0.8888888888888888,35452.459,-0.12,-43.947,4.75,1552442.538,14360.628,1.924,730640.879
42,42,amhadi and assaf,2019,Assessment.txt,1,10,-0.8181818181818182,36702.503,0.15,56.363,4.758,1661716.918,14573.219,1.889,774385.946
43,43,An etal,2014,Efficiency of household.txt,6,12,-0.3333333333333333,35534.443,0.71,251.418,4.871,1481493.672,15062.902,2.065,701562.049
44,44,ana etal,2010,Performance simulation.txt,0,3,-1.0,33343.3,5.49,1736.258,4.793,1341233.677,13970.832,2.008,641725.345
45,45,ana etal,2019,Energy assessment.txt,0,11,-1.0,36702.503,0.15,56.363,4.758,1661716.918,14573.219,1.889,774385.946
46,46,Andrea and Francis,2020,tropical climate.txt,0,28,-1.0,34807.259,-5.16,-1895.244,4.465,1696524.177,13976.098,1.793,788362.044
47,47,anestopoulou etal,2016,On the development.txt,0,4,-1.0,35452.459,-0.12,-43.947,4.75,1552442.538,14360.628,1.924,730640.879
48,48,angrisani etal,2013,the influence of cooling air.txt,2,20,-0.8181818181818182,35283.025,0.88,308.95,4.893,1445959.229,15042.88,2.086,686499.147
49,49,annadurai etal,2018,Experimental.txt,0,5,-1.0,36646.14,2.01,720.402,4.802,1625014.415,14718.145,1.929,759812.726
50,50,Aprea etal,2012,exergy an.txt,0,8,-1.0,34974.075,1.47,505.624,4.908,1410676.204,14949.697,2.098,671456.267
51,51,Arif etal,2012,exergy analysis.txt,0,1,-1.0,34974.075,1.47,505.624,4.908,1410676.204,14949.697,2.098,671456.267
52,52,arslan,2013,Characterization.txt,2,4,-0.3333333333333333,35283.025,0.88,308.95,4.893,1445959.229,15042.88,2.086,686499.147
53,53,ascione etal,2016,Design.txt,4,19,-0.6521739130434783,35452.459,-0.12,-43.947,4.75,1552442.538,14360.628,1.924,730640.879
54,54,ashley,2016,direct absorbing.txt,0,4,-1.0,35452.459,-0.12,-43.947,4.75,1552442.538,14360.628,1.924,730640.879
55,55,Ashouri etal,2015,organic rankine cycle.txt,2,11,-0.6923076923076923,35496.406,-0.11,-38.037,4.81,1516990.078,14718.203,1.994,716280.251
56,56,assad,2020,Renewable.txt,0,6,-1.0,34807.259,-5.16,-1895.244,4.465,1696524.177,13976.098,1.793,788362.044
57,57,auid etal,2013,Organic Rankine cycles.txt,0,9,-1.0,35283.025,0.88,308.95,4.893,1445959.229,15042.88,2.086,686499.147
58,58,avgerinos ,2013,Computational study.txt,0,7,-1.0,35283.025,0.88,308.95,4.893,1445959.229,15042.88,2.086,686499.147
59,59,avgerinos etal,2016,Experimental stu.txt,1,10,-0.8181818181818182,35452.459,-0.12,-43.947,4.75,1552442.538,14360.628,1.924,730640.879
60,60,avgerinos,2016,Effect.txt,1,8,-0.7777777777777778,35452.459,-0.12,-43.947,4.75,1552442.538,14360.628,1.924,730640.879
61,61,awogbemi etal,2019,Comparative stud.txt,6,5,0.0909090909090909,36702.503,0.15,56.363,4.758,1661716.918,14573.219,1.889,774385.946
62,62,awogbemi etal,2020,Optimization of FAME.txt,6,3,0.3333333333333333,34807.259,-5.16,-1895.244,4.465,1696524.177,13976.098,1.793,788362.044
63,63,aydin etal,2015,Numerical analysis of solar.txt,0,3,-1.0,35496.406,-0.11,-38.037,4.81,1516990.078,14718.203,1.994,716280.251
64,64,ayou etal,2013,Analysis.txt,0,3,-1.0,35283.025,0.88,308.95,4.893,1445959.229,15042.88,2.086,686499.147
65,65,Azad,2008,Split heat pipe heat.txt,0,5,-1.0,32069.444,1.83,575.702,4.724,1276283.334,13234.705,1.949,614687.367
66,66,azad,2012,heat pipe heat exchanger.txt,0,9,-1.0,34974.075,1.47,505.624,4.908,1410676.204,14949.697,2.098,671456.267
67,67,baitule and sudhakar,2017,Solar powered green campus.txt,0,2,-1.0,35925.738,1.33,473.278,4.76,1588368.275,14453.702,1.915,745094.581
68,68,Baljit etal,2020,performance study.txt,1,16,-0.8823529411764706,34807.259,-5.16,-1895.244,4.465,1696524.177,13976.098,1.793,788362.044
69,69,bANSAL,2009,evaporative cooling.txt,0,3,-1.0,31607.042,-1.44,-462.402,4.599,1307890.377,13067.147,1.901,627754.514
70,70,baral,2020,Mathematical.txt,8,1,0.7777777777777778,34807.259,-5.16,-1895.244,4.465,1696524.177,13976.098,1.793,788362.044
71,71,baral,2020,Thermodynamic and financial.txt,0,6,-1.0,34807.259,-5.16,-1895.244,4.465,1696524.177,13976.098,1.793,788362.044
72,72,bardineh etal,2018,Medical.txt,0,0,,36646.14,2.01,720.402,4.802,1625014.415,14718.145,1.929,759812.726
73,73,Barnwal etal,2008,thermal greenhouse dryer.txt,1,6,-0.7142857142857143,32069.444,1.83,575.702,4.724,1276283.334,13234.705,1.949,614687.367
74,74,Barros etal,2013,land use.txt,3,0,1.0,35283.025,0.88,308.95,4.893,1445959.229,15042.88,2.086,686499.147
75,75,bensebaa etal,2016,potential application for solar thermal absorber.txt,1,11,-0.8333333333333334,35452.459,-0.12,-43.947,4.75,1552442.538,14360.628,1.924,730640.879
76,76,bert,2011,fuel cells.txt,12,9,0.1428571428571428,34468.451,3.37,1125.151,4.895,1375702.128,14781.225,2.099,656506.57
77,77,bhattacharyya etal,2010,adiabatic capillary tube in a transcritical CO2 system.txt,0,11,-1.0,33343.3,5.49,1736.258,4.793,1341233.677,13970.832,2.008,641725.345
78,78,Bi etal,2009,Ecological.txt,0,7,-1.0,31607.042,-1.44,-462.402,4.599,1307890.377,13067.147,1.901,627754.514
79,79,Birnie etal,2013,effective air purification.txt,1,5,-0.6666666666666666,35283.025,0.88,308.95,4.893,1445959.229,15042.88,2.086,686499.147
80,80,Boncini etal,2008,Double Light Pipe.txt,0,16,-1.0,32069.444,1.83,575.702,4.724,1276283.334,13234.705,1.949,614687.367
81,81,Bottarelli etal,2017,tile covering.txt,1,22,-0.9130434782608696,35925.738,1.33,473.278,4.76,1588368.275,14453.702,1.915,745094.581
82,82,bottarelli etal,2020,Solar gain.txt,0,14,-1.0,34807.259,-5.16,-1895.244,4.465,1696524.177,13976.098,1.793,788362.044
83,83,bottarelli,2012,Numerical.txt,0,25,-1.0,34974.075,1.47,505.624,4.908,1410676.204,14949.697,2.098,671456.267
84,84,bottarelli,2019,Testing of a dualsource heat pump.txt,3,18,-0.7142857142857143,36702.503,0.15,56.363,4.758,1661716.918,14573.219,1.889,774385.946
85,85,bouaid etal,2012,Optimization.txt,0,12,-1.0,34974.075,1.47,505.624,4.908,1410676.204,14949.697,2.098,671456.267
86,86,Boukhanouf etal,2013,generation s.txt,0,2,-1.0,35283.025,0.88,308.95,4.893,1445959.229,15042.88,2.086,686499.147
87,87,Bozonnet etal,2013,urban fluxes.txt,1,13,-0.8571428571428571,35283.025,0.88,308.95,4.893,1445959.229,15042.88,2.086,686499.147
88,88,Budania etal,2013,solar absorption.txt,1,7,-0.75,35283.025,0.88,308.95,4.893,1445959.229,15042.88,2.086,686499.147
89,89,burhan etal,2018,Energy distribution.txt,6,12,-0.3333333333333333,36646.14,2.01,720.402,4.802,1625014.415,14718.145,1.929,759812.726
90,90,Busato etal,2008,cogeneration modules.txt,1,26,-0.925925925925926,32069.444,1.83,575.702,4.724,1276283.334,13234.705,1.949,614687.367
91,91,busato etal,2012,Energy and economic.txt,0,17,-1.0,34974.075,1.47,505.624,4.908,1410676.204,14949.697,2.098,671456.267
92,92,busato etal,2013,Multisource.txt,2,13,-0.7333333333333333,35283.025,0.88,308.95,4.893,1445959.229,15042.88,2.086,686499.147
93,93,buyadgie etal,2015,Solar low.txt,1,5,-0.6666666666666666,35496.406,-0.11,-38.037,4.81,1516990.078,14718.203,1.994,716280.251
94,94,buyagbie etal,2012,Conceptual design.txt,0,3,-1.0,34974.075,1.47,505.624,4.908,1410676.204,14949.697,2.098,671456.267
95,95,bwapwa etal,2019,Jet fuel.txt,0,1,-1.0,36702.503,0.15,56.363,4.758,1661716.918,14573.219,1.889,774385.946
96,96,cai and yan,2018,The plannin.txt,0,10,-1.0,36646.14,2.01,720.402,4.802,1625014.415,14718.145,1.929,759812.726
97,97,Chamchine etal,2013,integrated assesment.txt,0,3,-1.0,35283.025,0.88,308.95,4.893,1445959.229,15042.88,2.086,686499.147
98,98,Chandiwala,2009,Sustainable Homes in the UK.txt,3,13,-0.625,31607.042,-1.44,-462.402,4.599,1307890.377,13067.147,1.901,627754.514
99,99,chen and li,2020,A state of art meth.txt,2,33,-0.8857142857142857,34807.259,-5.16,-1895.244,4.465,1696524.177,13976.098,1.793,788362.044
100,100,Chen etal,2008,constructional entransy.txt,0,6,-1.0,32069.444,1.83,575.702,4.724,1276283.334,13234.705,1.949,614687.367
101,101,chen etal,2009,Research on ground coupled heat.txt,1,6,-0.7142857142857143,31607.042,-1.44,-462.402,4.599,1307890.377,13067.147,1.901,627754.514
102,102,chen etal,2010,An experimentaL.txt,1,7,-0.75,33343.3,5.49,1736.258,4.793,1341233.677,13970.832,2.008,641725.345
103,103,chen etal,2010,Development of photovoltaic thermal.txt,9,22,-0.4193548387096774,33343.3,5.49,1736.258,4.793,1341233.677,13970.832,2.008,641725.345
104,104,chen etal,2012,Constructal.txt,0,7,-1.0,34974.075,1.47,505.624,4.908,1410676.204,14949.697,2.098,671456.267
105,105,chen etal,2012,Internal.txt,0,2,-1.0,34974.075,1.47,505.624,4.908,1410676.204,14949.697,2.098,671456.267
106,106,chen etal,2012,lessons learnt from an operating analysis.txt,1,21,-0.9090909090909092,34974.075,1.47,505.624,4.908,1410676.204,14949.697,2.098,671456.267
107,107,chen etal,2012,Optimal expansion.txt,0,7,-1.0,34974.075,1.47,505.624,4.908,1410676.204,14949.697,2.098,671456.267
108,108,chen etal,2012,Thermodynamic.txt,1,4,-0.6,34974.075,1.47,505.624,4.908,1410676.204,14949.697,2.098,671456.267
109,109,chen etal,2016,Modeling.txt,0,8,-1.0,35452.459,-0.12,-43.947,4.75,1552442.538,14360.628,1.924,730640.879
110,110,chen etal,2016,Theoretical.txt,17,5,0.5454545454545454,35452.459,-0.12,-43.947,4.75,1552442.538,14360.628,1.924,730640.879
111,111,chen etal,2018,Performance.txt,0,7,-1.0,36646.14,2.01,720.402,4.802,1625014.415,14718.145,1.929,759812.726
112,112,chen,2018,Study on energy.txt,0,5,-1.0,36646.14,2.01,720.402,4.802,1625014.415,14718.145,1.929,759812.726
113,113,chien,2014,Assessment.txt,1,23,-0.9166666666666666,35534.443,0.71,251.418,4.871,1481493.672,15062.902,2.065,701562.049
114,114,cho etal,2014,Energy.txt,8,9,-0.0588235294117647,35534.443,0.71,251.418,4.871,1481493.672,15062.902,2.065,701562.049
115,115,chong,2013,Comparing.txt,1,11,-0.8333333333333334,35283.025,0.88,308.95,4.893,1445959.229,15042.88,2.086,686499.147
116,116,chow,2012,The potential.txt,1,25,-0.9230769230769232,34974.075,1.47,505.624,4.908,1410676.204,14949.697,2.098,671456.267
117,117,Christian etal,2009,predictingdomestic.txt,2,26,-0.8571428571428571,31607.042,-1.44,-462.402,4.599,1307890.377,13067.147,1.901,627754.514
118,118,chu etal,2020,Effects of stripper.txt,0,8,-1.0,34807.259,-5.16,-1895.244,4.465,1696524.177,13976.098,1.793,788362.044
119,119,Chun etal,2008,novel thermodiode designs.txt,0,13,-1.0,32069.444,1.83,575.702,4.724,1276283.334,13234.705,1.949,614687.367
120,120,chung and ju,2010,A hybrid design of VAWT.txt,1,0,1.0,33343.3,5.49,1736.258,4.793,1341233.677,13970.832,2.008,641725.345
121,121,Ciampi etal,2013,energy performance.txt,2,23,-0.84,35283.025,0.88,308.95,4.893,1445959.229,15042.88,2.086,686499.147
122,122,ciampi etal,2014,energy and economic analyses.txt,2,13,-0.7333333333333333,35534.443,0.71,251.418,4.871,1481493.672,15062.902,2.065,701562.049
123,123,colombo,2012,Carbon dioxide refrigeration with heat.txt,0,5,-1.0,34974.075,1.47,505.624,4.908,1410676.204,14949.697,2.098,671456.267
124,124,Comarazamy etal,2013,impacts of urb.txt,1,19,-0.9,35283.025,0.88,308.95,4.893,1445959.229,15042.88,2.086,686499.147
125,125,Cooke etal,2013,biomass energy crop feasibility.txt,0,8,-1.0,35283.025,0.88,308.95,4.893,1445959.229,15042.88,2.086,686499.147
126,126,corberan etal,2018,Dual source.txt,8,26,-0.5294117647058824,36646.14,2.01,720.402,4.802,1625014.415,14718.145,1.929,759812.726
127,127,coskun etal,2009,Energy and exergy.txt,0,5,-1.0,31607.042,-1.44,-462.402,4.599,1307890.377,13067.147,1.901,627754.514
128,128,cruikshank,2011,economic.txt,0,7,-1.0,34468.451,3.37,1125.151,4.895,1375702.128,14781.225,2.099,656506.57
129,129,cuce and cuce,2013,Optimization.txt,7,3,0.4,35283.025,0.88,308.95,4.893,1445959.229,15042.88,2.086,686499.147
130,130,cuce and cuce,2013,Theoretical investigation of hot box solar coo.txt,0,2,-1.0,35283.025,0.88,308.95,4.893,1445959.229,15042.88,2.086,686499.147
131,131,cuce and riffat,2016,A comprehensive assessment of sectoral energy.txt,0,23,-1.0,35452.459,-0.12,-43.947,4.75,1552442.538,14360.628,1.924,730640.879
132,132,Cuimin etal,2020,energy conservation.txt,1,13,-0.8571428571428571,34807.259,-5.16,-1895.244,4.465,1696524.177,13976.098,1.793,788362.044
133,133,d'alessandro etal,2016,Innovative concretes for low carbon constructions.txt,0,21,-1.0,35452.459,-0.12,-43.947,4.75,1552442.538,14360.628,1.924,730640.879
134,134,dakwale and ralegaonkar,2011,Review of carbon emission through buildings.txt,0,5,-1.0,34468.451,3.37,1125.151,4.895,1375702.128,14781.225,2.099,656506.57
135,135,Daniel C. Staley,2013,urban forests and solar power.txt,1,1,0.0,35283.025,0.88,308.95,4.893,1445959.229,15042.88,2.086,686499.147
136,136,darkwa and fraser,2012,Performance of an integrated solar absorption cooling system.txt,0,4,-1.0,34974.075,1.47,505.624,4.908,1410676.204,14949.697,2.098,671456.267
137,137,Davies etal,2013,seawater.txt,0,3,-1.0,35283.025,0.88,308.95,4.893,1445959.229,15042.88,2.086,686499.147
138,138,dayma etal,2013,Energetic and exergetic analyses of a transcritical N2O heat pump system.txt,0,3,-1.0,35283.025,0.88,308.95,4.893,1445959.229,15042.88,2.086,686499.147
139,139,dien etal,2011,Biochemical processing of reed canarygrass into fuel ethanol.txt,1,14,-0.8666666666666667,34468.451,3.37,1125.151,4.895,1375702.128,14781.225,2.099,656506.57
140,140,ding and riffat,2012,Thermochemical energy storage technologies for building applications.txt,0,6,-1.0,34974.075,1.47,505.624,4.908,1410676.204,14949.697,2.098,671456.267
141,141,ding,2019,Comparison.txt,7,16,-0.391304347826087,36702.503,0.15,56.363,4.758,1661716.918,14573.219,1.889,774385.946
142,142,Du etal,2017,impact of blades wrap energy.txt,0,12,-1.0,35925.738,1.33,473.278,4.76,1588368.275,14453.702,1.915,745094.581
143,143,du,2011,electroca.txt,0,7,-1.0,34468.451,3.37,1125.151,4.895,1375702.128,14781.225,2.099,656506.57
144,144,durakovic and torlak,2016,Experimental.txt,0,9,-1.0,35452.459,-0.12,-43.947,4.75,1552442.538,14360.628,1.924,730640.879
145,145,ebhota,2018,The place.txt,3,6,-0.3333333333333333,36646.14,2.01,720.402,4.802,1625014.415,14718.145,1.929,759812.726
146,146,eboka etal,2018,Detailed.txt,0,0,,36646.14,2.01,720.402,4.802,1625014.415,14718.145,1.929,759812.726
147,147,eicker,2012,Large scal.txt,0,11,-1.0,34974.075,1.47,505.624,4.908,1410676.204,14949.697,2.098,671456.267
148,148,elbaiuomy,2017,The impact.txt,3,4,-0.1428571428571428,35925.738,1.33,473.278,4.76,1588368.275,14453.702,1.915,745094.581
149,149,elmer etal,2016,Experimental.txt,1,9,-0.8,35452.459,-0.12,-43.947,4.75,1552442.538,14360.628,1.924,730640.879
150,150,eloka and onunka,2020,Sustainable.txt,0,8,-1.0,34807.259,-5.16,-1895.244,4.465,1696524.177,13976.098,1.793,788362.044
151,151,elsayed,2013,Thermodynamic.txt,1,2,-0.3333333333333333,35283.025,0.88,308.95,4.893,1445959.229,15042.88,2.086,686499.147
152,152,elsayed,2014,Numerical investigation.txt,4,6,-0.2,35534.443,0.71,251.418,4.871,1481493.672,15062.902,2.065,701562.049
153,153,Embaye etal,2014,effect of flow pulsation.txt,0,1,-1.0,35534.443,0.71,251.418,4.871,1481493.672,15062.902,2.065,701562.049
154,154,enayatizade,2019,Techno econom.txt,2,14,-0.75,36702.503,0.15,56.363,4.758,1661716.918,14573.219,1.889,774385.946
155,155,Ernest,2008,sun spot related climate variations.txt,0,6,-1.0,32069.444,1.83,575.702,4.724,1276283.334,13234.705,1.949,614687.367
156,156,esfahankalteh,2020,Achieving.txt,1,10,-0.8181818181818182,34807.259,-5.16,-1895.244,4.465,1696524.177,13976.098,1.793,788362.044
157,157,fadeyibi etal,2020,Ecological.txt,6,2,0.5,34807.259,-5.16,-1895.244,4.465,1696524.177,13976.098,1.793,788362.044
158,158,Fan etal,2017,intermittent supply.txt,0,1,-1.0,35925.738,1.33,473.278,4.76,1588368.275,14453.702,1.915,745094.581
159,159,Fan etal,2018,cooling load prediction.txt,3,6,-0.3333333333333333,36646.14,2.01,720.402,4.802,1625014.415,14718.145,1.929,759812.726
160,160,fang etal,2012,Characterization.txt,0,0,,34974.075,1.47,505.624,4.908,1410676.204,14949.697,2.098,671456.267
161,161,fang etal,2017,Experimental.txt,0,5,-1.0,35925.738,1.33,473.278,4.76,1588368.275,14453.702,1.915,745094.581
162,162,farikhah,2020, The effect.txt,0,7,-1.0,34807.259,-5.16,-1895.244,4.465,1696524.177,13976.098,1.793,788362.044
163,163,fazeli,2013,Analysing.txt,3,4,-0.1428571428571428,35283.025,0.88,308.95,4.893,1445959.229,15042.88,2.086,686499.147
164,164,feng etal,2010,Heating.txt,3,18,-0.7142857142857143,33343.3,5.49,1736.258,4.793,1341233.677,13970.832,2.008,641725.345
165,165,feng etal,2010,steady,6,12,-0.3333333333333333,33343.3,5.49,1736.258,4.793,1341233.677,13970.832,2.008,641725.345
166,166,feng etal,2013,Constructal.txt,0,1,-1.0,35283.025,0.88,308.95,4.893,1445959.229,15042.88,2.086,686499.147
167,167,ferron etal,2011,custom.txt,1,6,-0.7142857142857143,34468.451,3.37,1125.151,4.895,1375702.128,14781.225,2.099,656506.57
168,168,fhazali etal,2017,Feasibility.txt,14,6,0.4,35925.738,1.33,473.278,4.76,1588368.275,14453.702,1.915,745094.581
169,169,filippeschi etal,2012,Feasibility.txt,1,8,-0.7777777777777778,34974.075,1.47,505.624,4.908,1410676.204,14949.697,2.098,671456.267
170,170,fritschi etal,2016,Efficiency.txt,0,11,-1.0,35452.459,-0.12,-43.947,4.75,1552442.538,14360.628,1.924,730640.879
171,171,fu etal,2009,co2 emission.txt,0,2,-1.0,31607.042,-1.44,-462.402,4.599,1307890.377,13067.147,1.901,627754.514
172,172,gago etal,2010,irradiation and temperatur.txt,0,28,-1.0,33343.3,5.49,1736.258,4.793,1341233.677,13970.832,2.008,641725.345
173,173,gan,2015,Impacts of dynam.txt,1,22,-0.9130434782608696,35496.406,-0.11,-38.037,4.81,1516990.078,14718.203,1.994,716280.251
174,174,gao etal,2010,concentrating PV modules.txt,0,0,,33343.3,5.49,1736.258,4.793,1341233.677,13970.832,2.008,641725.345
175,175,Gao etal,2013,A comparativ.txt,1,14,-0.8666666666666667,35283.025,0.88,308.95,4.893,1445959.229,15042.88,2.086,686499.147
176,176,gao etal,2018,Comparis.txt,0,13,-1.0,36646.14,2.01,720.402,4.802,1625014.415,14718.145,1.929,759812.726
177,177,Ge etal,2009,water absorption.txt,2,6,-0.5,31607.042,-1.44,-462.402,4.599,1307890.377,13067.147,1.901,627754.514
178,178,Gennaro,2014,climatechangeAndRespiratory.txt,31,125,-0.6025641025641025,35534.443,0.71,251.418,4.871,1481493.672,15062.902,2.065,701562.049
179,179,georges,2013,Design.txt,1,15,-0.875,35283.025,0.88,308.95,4.893,1445959.229,15042.88,2.086,686499.147
180,180,ghabra,2017,The impac.txt,6,12,-0.3333333333333333,35925.738,1.33,473.278,4.76,1588368.275,14453.702,1.915,745094.581
181,181,ghalamchi,2016,Evolving.txt,5,12,-0.4117647058823529,35452.459,-0.12,-43.947,4.75,1552442.538,14360.628,1.924,730640.879
182,182,gharghani,2020,An experimental.txt,1,19,-0.9,34807.259,-5.16,-1895.244,4.465,1696524.177,13976.098,1.793,788362.044
183,183,ghazali,2017,Feasibilit.txt,4,2,0.3333333333333333,35925.738,1.33,473.278,4.76,1588368.275,14453.702,1.915,745094.581
184,184,gong etal,2012,Emissions.txt,0,7,-1.0,34974.075,1.47,505.624,4.908,1410676.204,14949.697,2.098,671456.267
185,185,gordeeva etal,2012,Composites.txt,3,13,-0.625,34974.075,1.47,505.624,4.908,1410676.204,14949.697,2.098,671456.267
186,186,goshayeshi and chaer,2016,Comparison.txt,0,8,-1.0,35452.459,-0.12,-43.947,4.75,1552442.538,14360.628,1.924,730640.879
187,187,graham etal,2012,Degradati.txt,1,13,-0.8571428571428571,34974.075,1.47,505.624,4.908,1410676.204,14949.697,2.098,671456.267
188,188,guo etal,2012,Numerical.txt,0,10,-1.0,34974.075,1.47,505.624,4.908,1410676.204,14949.697,2.098,671456.267
189,189,Guo etal,2018,Surrounding rock control.txt,0,11,-1.0,36646.14,2.01,720.402,4.802,1625014.415,14718.145,1.929,759812.726
190,190,guohui gan,2013,Dynami.txt,0,11,-1.0,35283.025,0.88,308.95,4.893,1445959.229,15042.88,2.086,686499.147
191,191,gupta etal,2019,analysis of.txt,1,6,-0.7142857142857143,36702.503,0.15,56.363,4.758,1661716.918,14573.219,1.889,774385.946
192,192,gUPTA,2009,Moving towards.txt,0,11,-1.0,31607.042,-1.44,-462.402,4.599,1307890.377,13067.147,1.901,627754.514
193,193,Gupta,2009,Sustainable energy technologies.txt,0,0,,31607.042,-1.44,-462.402,4.599,1307890.377,13067.147,1.901,627754.514
194,194,gurler etal,2018,Experimental investigation.txt,1,10,-0.8181818181818182,36646.14,2.01,720.402,4.802,1625014.415,14718.145,1.929,759812.726
195,195,gurler,2020,longterm monitoring.txt,3,9,-0.5,34807.259,-5.16,-1895.244,4.465,1696524.177,13976.098,1.793,788362.044
196,196,haghighi and maerefat,2014,Design.txt,0,4,-1.0,35534.443,0.71,251.418,4.871,1481493.672,15062.902,2.065,701562.049
197,197,hamdy etal,2010,simulation based optimisation.txt,4,10,-0.4285714285714285,33343.3,5.49,1736.258,4.793,1341233.677,13970.832,2.008,641725.345
198,198,harikrishnan,2011,Effect of.txt,0,4,-1.0,34468.451,3.37,1125.151,4.895,1375702.128,14781.225,2.099,656506.57
199,199,harper etal,2019,Assessing socially.txt,0,16,-1.0,36702.503,0.15,56.363,4.758,1661716.918,14573.219,1.889,774385.946
200,200,Harrison and Jiang,2017,energy performance.txt,0,2,-1.0,35925.738,1.33,473.278,4.76,1588368.275,14453.702,1.915,745094.581
201,201,hegazy and helmi,2020,Spatial monitorin.txt,2,9,-0.6363636363636364,34807.259,-5.16,-1895.244,4.465,1696524.177,13976.098,1.793,788362.044
202,202,hegazy and qurnfulah,2020,Thermal comfo.txt,0,33,-1.0,34807.259,-5.16,-1895.244,4.465,1696524.177,13976.098,1.793,788362.044
203,203,hegazy etal,2017,The living building.txt,5,9,-0.2857142857142857,35925.738,1.33,473.278,4.76,1588368.275,14453.702,1.915,745094.581
204,204,hegazy etal,2017,Towards.txt,5,12,-0.4117647058823529,35925.738,1.33,473.278,4.76,1588368.275,14453.702,1.915,745094.581
205,205,hegazy,2020,Toward efficient energy con.txt,3,7,-0.4,34807.259,-5.16,-1895.244,4.465,1696524.177,13976.098,1.793,788362.044
206,206,hemmingway and long,2012,Thermal re.txt,7,18,-0.44,34974.075,1.47,505.624,4.908,1410676.204,14949.697,2.098,671456.267
207,207,herdt etal,2016,Newly invented biobased.txt,0,4,-1.0,35452.459,-0.12,-43.947,4.75,1552442.538,14360.628,1.924,730640.879
208,208,Hessami,2008,rural residential building.txt,4,6,-0.2,32069.444,1.83,575.702,4.724,1276283.334,13234.705,1.949,614687.367
209,209,hormazabal etal,2016,The performance.txt,3,17,-0.7,35452.459,-0.12,-43.947,4.75,1552442.538,14360.628,1.924,730640.879
210,210,hsieh and cheng,2020,Effects o.txt,5,4,0.1111111111111111,34807.259,-5.16,-1895.244,4.465,1696524.177,13976.098,1.793,788362.044
211,211,hu etal,2016,Removal of carbon dioxi.txt,0,0,,35452.459,-0.12,-43.947,4.75,1552442.538,14360.628,1.924,730640.879
212,212,huang etal,2011,Design analysis of a F.txt,1,2,-0.3333333333333333,34468.451,3.37,1125.151,4.895,1375702.128,14781.225,2.099,656506.57
213,213,huang etal,2020,Comparative investig.txt,4,33,-0.7837837837837838,34807.259,-5.16,-1895.244,4.465,1696524.177,13976.098,1.793,788362.044
214,214,hui and ma,2016,Analysis of environmental.txt,0,15,-1.0,35452.459,-0.12,-43.947,4.75,1552442.538,14360.628,1.924,730640.879
215,215,hundt and reddy,2011,Algal biodiesel product.txt,1,5,-0.6666666666666666,34468.451,3.37,1125.151,4.895,1375702.128,14781.225,2.099,656506.57
216,216,hyde,2016,Development.txt,1,3,-0.5,35452.459,-0.12,-43.947,4.75,1552442.538,14360.628,1.924,730640.879
217,217,Ibrahim etal,2009,analysis of sola.txt,0,9,-1.0,31607.042,-1.44,-462.402,4.599,1307890.377,13067.147,1.901,627754.514
218,218,Ibrahim Rizk Hegazy,2020,nano aerogel glazing.txt,0,8,-1.0,34807.259,-5.16,-1895.244,4.465,1696524.177,13976.098,1.793,788362.044
219,219,igbum etal,2019,Feasibility stud.txt,0,9,-1.0,36702.503,0.15,56.363,4.758,1661716.918,14573.219,1.889,774385.946
220,220,Igunnu etal,2012,Produced wate.txt,0,6,-1.0,34974.075,1.47,505.624,4.908,1410676.204,14949.697,2.098,671456.267
221,221,ikedi etal,2016,Numerical asse.txt,1,2,-0.3333333333333333,35452.459,-0.12,-43.947,4.75,1552442.538,14360.628,1.924,730640.879
222,222,indartono etal,2016,Improving photovoltaics.txt,0,5,-1.0,35452.459,-0.12,-43.947,4.75,1552442.538,14360.628,1.924,730640.879
223,223,inyang,2020,Reactive.txt,0,3,-1.0,34807.259,-5.16,-1895.244,4.465,1696524.177,13976.098,1.793,788362.044
224,224,ismail,2012,energy eff.txt,0,3,-1.0,34974.075,1.47,505.624,4.908,1410676.204,14949.697,2.098,671456.267
225,225,ivanova,2014,3D analysis of the incident diffuse irradiance.txt,0,6,-1.0,35534.443,0.71,251.418,4.871,1481493.672,15062.902,2.065,701562.049
226,226,iwaro etal,2014,An integrated approac.txt,0,5,-1.0,35534.443,0.71,251.418,4.871,1481493.672,15062.902,2.065,701562.049
227,227,Iwaro etal,2014,assessment design.txt,1,34,-0.9428571428571428,35534.443,0.71,251.418,4.871,1481493.672,15062.902,2.065,701562.049
228,228,iwaro etal,2015,Validation of integrate.txt,8,38,-0.6521739130434783,35496.406,-0.11,-38.037,4.81,1516990.078,14718.203,1.994,716280.251
229,229,jahnke etal,2013,First cycle simulations of t.txt,0,12,-1.0,35283.025,0.88,308.95,4.893,1445959.229,15042.88,2.086,686499.147
230,230,jain and hindoliya,2016,Energy saving.txt,3,5,-0.25,35452.459,-0.12,-43.947,4.75,1552442.538,14360.628,1.924,730640.879
231,231,jan etal,2013,climate necessity.txt,1,16,-0.8823529411764706,35283.025,0.88,308.95,4.893,1445959.229,15042.88,2.086,686499.147
232,232,janchen etal,2012,"Preparation, hydrot.txt",0,2,-1.0,34974.075,1.47,505.624,4.908,1410676.204,14949.697,2.098,671456.267
233,233,jareemit and canyookt,2020,Residential.txt,2,11,-0.6923076923076923,34807.259,-5.16,-1895.244,4.465,1696524.177,13976.098,1.793,788362.044
234,234,jarimi etal,2018,Materials characterizatio.txt,0,0,,36646.14,2.01,720.402,4.802,1625014.415,14718.145,1.929,759812.726
235,235,jarimi etal,2018,Materials characterization.txt,0,0,,36646.14,2.01,720.402,4.802,1625014.415,14718.145,1.929,759812.726
236,236,Jarimi etal,2018,solar thermal.txt,3,18,-0.7142857142857143,36646.14,2.01,720.402,4.802,1625014.415,14718.145,1.929,759812.726
237,237,jarimi etal,2020,Review of sustainable method.txt,7,20,-0.4814814814814814,34807.259,-5.16,-1895.244,4.465,1696524.177,13976.098,1.793,788362.044
238,238,jasen and marchetti,2012,Kinetic study of.txt,0,4,-1.0,34974.075,1.47,505.624,4.908,1410676.204,14949.697,2.098,671456.267
239,239,javed and fahlen,2011,Thermal response.txt,16,6,0.4545454545454545,34468.451,3.37,1125.151,4.895,1375702.128,14781.225,2.099,656506.57
240,240,JENKINS,2009,cooling loads.txt,0,2,-1.0,31607.042,-1.44,-462.402,4.599,1307890.377,13067.147,1.901,627754.514
241,241,ji etal,2014,Approach of a solar buil.txt,0,15,-1.0,35534.443,0.71,251.418,4.871,1481493.672,15062.902,2.065,701562.049
242,242,jian yao,2012,Effect.txt,0,8,-1.0,34974.075,1.47,505.624,4.908,1410676.204,14949.697,2.098,671456.267
243,243,Jiang etal,2009,utilizing bent heat pipes.txt,8,1,0.7777777777777778,31607.042,-1.44,-462.402,4.599,1307890.377,13067.147,1.901,627754.514
244,244,jiang etal,2010,solar thermosyphon systems.txt,0,18,-1.0,33343.3,5.49,1736.258,4.793,1341233.677,13970.832,2.008,641725.345
245,245,jiang etal,2012,Current development o.txt,0,9,-1.0,34974.075,1.47,505.624,4.908,1410676.204,14949.697,2.098,671456.267
246,246,jiang etal,2013, Design and performan.txt,2,6,-0.5,35283.025,0.88,308.95,4.893,1445959.229,15042.88,2.086,686499.147
247,247,john raftery,2009,Sustainable.txt,0,0,,31607.042,-1.44,-462.402,4.599,1307890.377,13067.147,1.901,627754.514
248,248,Jorge and Armando C. Oliveira,2006,solar.txt,0,2,-1.0,30583.53,3.31,980.753,4.617,1212720.149,12222.242,1.845,588641.324
249,249,Jorge etal,2008,cogeneration ORC system.txt,0,6,-1.0,32069.444,1.83,575.702,4.724,1276283.334,13234.705,1.949,614687.367
250,250,jorge,2009,water absorption.txt,1,7,-0.75,31607.042,-1.44,-462.402,4.599,1307890.377,13067.147,1.901,627754.514
251,251,jorge,2010,linear Fresnel.txt,3,9,-0.5,33343.3,5.49,1736.258,4.793,1341233.677,13970.832,2.008,641725.345
252,252,joshi etal,2010,Analysis of energy and exergy.txt,2,1,0.3333333333333333,33343.3,5.49,1736.258,4.793,1341233.677,13970.832,2.008,641725.345
253,253,jouhara,2009,wraparound.txt,0,4,-1.0,31607.042,-1.44,-462.402,4.599,1307890.377,13067.147,1.901,627754.514
254,254,jradi and riffat,2012,Medium temper.txt,0,12,-1.0,34974.075,1.47,505.624,4.908,1410676.204,14949.697,2.098,671456.267
255,255,jradi,2014,Micro scale ORC based.txt,0,4,-1.0,35534.443,0.71,251.418,4.871,1481493.672,15062.902,2.065,701562.049
256,256,kalogirus,2013,Building integration.txt,0,1,-1.0,35283.025,0.88,308.95,4.893,1445959.229,15042.88,2.086,686499.147
257,257,Kan and Hu,2015,composite building.txt,0,8,-1.0,35496.406,-0.11,-38.037,4.81,1516990.078,14718.203,1.994,716280.251
258,258,kan etal,2009,Ecological.txt,0,4,-1.0,31607.042,-1.44,-462.402,4.599,1307890.377,13067.147,1.901,627754.514
259,259,kan etal,2010,Exergoeconomic performance.txt,1,14,-0.8666666666666667,33343.3,5.49,1736.258,4.793,1341233.677,13970.832,2.008,641725.345
260,260,Karlessi etal,2013,thermo.txt,6,7,-0.0769230769230769,35283.025,0.88,308.95,4.893,1445959.229,15042.88,2.086,686499.147
261,261,kartal,2013,Comparison.txt,3,7,-0.4,35283.025,0.88,308.95,4.893,1445959.229,15042.88,2.086,686499.147
262,262,kasaeian etal,2017,Investigation of the eff.txt,2,8,-0.6,35925.738,1.33,473.278,4.76,1588368.275,14453.702,1.915,745094.581
263,263,kepekci etal,2020, Three dimension.txt,0,9,-1.0,34807.259,-5.16,-1895.244,4.465,1696524.177,13976.098,1.793,788362.044
264,264,kesten etal,2010,daylight performance.txt,0,14,-1.0,33343.3,5.49,1736.258,4.793,1341233.677,13970.832,2.008,641725.345
265,265,Khaled Saleh,2008,Chilean climate.txt,0,3,-1.0,32069.444,1.83,575.702,4.724,1276283.334,13234.705,1.949,614687.367
266,266,Khandelwal etal,2007,hybrid photovoltaic.txt,0,3,-1.0,31493.742,2.98,910.212,4.696,1244213.89,12811.338,1.91,601452.662
267,267,khennich etal,2013,Comparison of combined.txt,0,21,-1.0,35283.025,0.88,308.95,4.893,1445959.229,15042.88,2.086,686499.147
268,268,khodaee etal,2019,Assessment of the level.txt,4,9,-0.3846153846153846,36702.503,0.15,56.363,4.758,1661716.918,14573.219,1.889,774385.946
269,269,khoshbazan etal,2018,Thermo economic analy.txt,3,38,-0.8536585365853658,36646.14,2.01,720.402,4.802,1625014.415,14718.145,1.929,759812.726
270,270,khzouz etal,2011,Characterizatio.txt,0,9,-1.0,34468.451,3.37,1125.151,4.895,1375702.128,14781.225,2.099,656506.57
271,271,kilavuz and dogan,2020,Economic growt.txt,3,10,-0.5384615384615384,34807.259,-5.16,-1895.244,4.465,1696524.177,13976.098,1.793,788362.044
272,272,Kim etal,2009,cooling effect and potable water.txt,0,6,-1.0,31607.042,-1.44,-462.402,4.599,1307890.377,13067.147,1.901,627754.514
273,273,kim,2013,the investigation of an openi.txt,2,13,-0.7333333333333333,35283.025,0.88,308.95,4.893,1445959.229,15042.88,2.086,686499.147
274,274,kiyota etal,2013,Analysis of greenhouse gase.txt,0,1,-1.0,35283.025,0.88,308.95,4.893,1445959.229,15042.88,2.086,686499.147
275,275,kizilors and aydin,2020,Effect of therm.txt,0,15,-1.0,34807.259,-5.16,-1895.244,4.465,1696524.177,13976.098,1.793,788362.044
276,276,kler etal,2010,combined technolo.txt,0,1,-1.0,33343.3,5.49,1736.258,4.793,1341233.677,13970.832,2.008,641725.345
277,277,klunne and michael,2010,Increasing.txt,0,15,-1.0,33343.3,5.49,1736.258,4.793,1341233.677,13970.832,2.008,641725.345
278,278,knez etal,2014,A sustainable transport.txt,0,8,-1.0,35534.443,0.71,251.418,4.871,1481493.672,15062.902,2.065,701562.049
279,279,kokogiannakis,2012,Impact of material surface.txt,3,9,-0.5,34974.075,1.47,505.624,4.908,1410676.204,14949.697,2.098,671456.267
280,280,kong,2020,Optimal.txt,5,2,0.4285714285714285,34807.259,-5.16,-1895.244,4.465,1696524.177,13976.098,1.793,788362.044
281,281,kosa,2020,Dynamic and steady.txt,0,0,,34807.259,-5.16,-1895.244,4.465,1696524.177,13976.098,1.793,788362.044
282,282,kumar and reddy,2012,energy exe.txt,1,4,-0.6,34974.075,1.47,505.624,4.908,1410676.204,14949.697,2.098,671456.267
283,283,kumar etal,2019,A review status on alternativ.txt,12,3,0.6,36702.503,0.15,56.363,4.758,1661716.918,14573.219,1.889,774385.946
284,284,kumar etal,2020,The role of nanot.txt,0,2,-1.0,34807.259,-5.16,-1895.244,4.465,1696524.177,13976.098,1.793,788362.044
285,285,Lalzad,2013,desalination plant.txt,1,4,-0.6,35283.025,0.88,308.95,4.893,1445959.229,15042.88,2.086,686499.147
286,286,Laseinde and Ramere,2018,vertical support.txt,2,6,-0.5,36646.14,2.01,720.402,4.802,1625014.415,14718.145,1.929,759812.726
287,287,lau etal,2012,A preliminary study o.txt,7,12,-0.2631578947368421,34974.075,1.47,505.624,4.908,1410676.204,14949.697,2.098,671456.267
288,288,law etal,2013,heat pump and an organic Rankine.txt,0,9,-1.0,35283.025,0.88,308.95,4.893,1445959.229,15042.88,2.086,686499.147
289,289,lazzarin and noro,2016,Energy efficiency.txt,4,26,-0.7333333333333333,35452.459,-0.12,-43.947,4.75,1552442.538,14360.628,1.924,730640.879
290,290,Lazzarin etal,2008,electronic expansion valves.txt,0,29,-1.0,32069.444,1.83,575.702,4.724,1276283.334,13234.705,1.949,614687.367
291,291,Lazzarin etal,2013,annual air conditioning.txt,1,6,-0.7142857142857143,35283.025,0.88,308.95,4.893,1445959.229,15042.88,2.086,686499.147
292,292,lazzarin etal,2018,Hybrid PCM aluminium foa.txt,7,11,-0.2222222222222222,36646.14,2.01,720.402,4.802,1625014.415,14718.145,1.929,759812.726
293,293,Lazzarin,2007,absorption chillers.txt,1,6,-0.7142857142857143,31493.742,2.98,910.212,4.696,1244213.89,12811.338,1.91,601452.662
294,294,Lazzarin,2007,Solar cooling plants.txt,1,10,-0.8181818181818182,31493.742,2.98,910.212,4.696,1244213.89,12811.338,1.91,601452.662
295,295,lee etal,2013,high rise.txt,7,8,-0.0666666666666666,35283.025,0.88,308.95,4.893,1445959.229,15042.88,2.086,686499.147
296,296,lee etal,2013,Rooftop photovoltaic.txt,0,11,-1.0,35283.025,0.88,308.95,4.893,1445959.229,15042.88,2.086,686499.147
297,297,Lee etal,2017,Cooling combinations.txt,2,5,-0.4285714285714285,35925.738,1.33,473.278,4.76,1588368.275,14453.702,1.915,745094.581
298,298,lee etal,2020,Experimental.txt,0,0,,34807.259,-5.16,-1895.244,4.465,1696524.177,13976.098,1.793,788362.044
299,299,lee etal,2020,Performance estimation.txt,0,5,-1.0,34807.259,-5.16,-1895.244,4.465,1696524.177,13976.098,1.793,788362.044
300,300,li and dai,2019,Energy.txt,4,15,-0.5789473684210527,36702.503,0.15,56.363,4.758,1661716.918,14573.219,1.889,774385.946
301,301,li and liang,2018,The economi.txt,0,4,-1.0,36646.14,2.01,720.402,4.802,1625014.415,14718.145,1.929,759812.726
302,302,li and shuan,2020,Research on freq.txt,0,0,,34807.259,-5.16,-1895.244,4.465,1696524.177,13976.098,1.793,788362.044
303,303,li and yang,2010,Energy and exergy analysis.txt,1,18,-0.8947368421052632,33343.3,5.49,1736.258,4.793,1341233.677,13970.832,2.008,641725.345
304,304,li and zhang,2020,Developing the tran.txt,1,16,-0.8823529411764706,34807.259,-5.16,-1895.244,4.465,1696524.177,13976.098,1.793,788362.044
305,305,li and zhang,2020,Ecological efficiency.txt,3,0,1.0,34807.259,-5.16,-1895.244,4.465,1696524.177,13976.098,1.793,788362.044
306,306,li etal,2010,hybrid solar electricity system.txt,0,7,-1.0,33343.3,5.49,1736.258,4.793,1341233.677,13970.832,2.008,641725.345
307,307,li etal,2012,Experimental study on the di.txt,1,7,-0.75,34974.075,1.47,505.624,4.908,1410676.204,14949.697,2.098,671456.267
308,308,li etal,2016,feasible energy saving analysis.txt,0,2,-1.0,35452.459,-0.12,-43.947,4.75,1552442.538,14360.628,1.924,730640.879
309,309,li etal,2016,Performance.txt,0,2,-1.0,35452.459,-0.12,-43.947,4.75,1552442.538,14360.628,1.924,730640.879
310,310,li etal,2016,Thermal analysis.txt,0,15,-1.0,35452.459,-0.12,-43.947,4.75,1552442.538,14360.628,1.924,730640.879
311,311,li etal,2019,Effect of design.txt,1,5,-0.6666666666666666,36702.503,0.15,56.363,4.758,1661716.918,14573.219,1.889,774385.946
312,312,li etal,2019,low power data.txt,0,6,-1.0,36702.503,0.15,56.363,4.758,1661716.918,14573.219,1.889,774385.946
313,313,li,2020,Analysis on.txt,0,9,-1.0,34807.259,-5.16,-1895.244,4.465,1696524.177,13976.098,1.793,788362.044
314,314,lian etal,2016,Simultaneous synthes.txt,3,7,-0.4,35452.459,-0.12,-43.947,4.75,1552442.538,14360.628,1.924,730640.879
315,315,liang and shi,2020,Efficiency evaluatio.txt,3,2,0.2,34807.259,-5.16,-1895.244,4.465,1696524.177,13976.098,1.793,788362.044
316,316,liao and wang,2012,Performance based lo.txt,5,8,-0.2307692307692307,34974.075,1.47,505.624,4.908,1410676.204,14949.697,2.098,671456.267
317,317,lim etal,2013,Design config.txt,2,8,-0.6,35283.025,0.88,308.95,4.893,1445959.229,15042.88,2.086,686499.147
318,318,lin etal,2011,Ammonia water absorption cycle.txt,3,13,-0.625,34468.451,3.37,1125.151,4.895,1375702.128,14781.225,2.099,656506.57
319,319,lin etal,2018,Experimental study on im.txt,0,5,-1.0,36646.14,2.01,720.402,4.802,1625014.415,14718.145,1.929,759812.726
320,320,lin,2016,Stratum ventilation a low c.txt,5,25,-0.6666666666666666,35452.459,-0.12,-43.947,4.75,1552442.538,14360.628,1.924,730640.879
321,321,ling etal,2013,The numerical s.txt,1,2,-0.3333333333333333,35283.025,0.88,308.95,4.893,1445959.229,15042.88,2.086,686499.147
322,322,Lingen,2013,cycle.txt,1,3,-0.5,35283.025,0.88,308.95,4.893,1445959.229,15042.88,2.086,686499.147
323,323,lisha etal,2018,Structural rec.txt,0,9,-1.0,36646.14,2.01,720.402,4.802,1625014.415,14718.145,1.929,759812.726
324,324,Liu etal,2009,comparative study.txt,0,10,-1.0,31607.042,-1.44,-462.402,4.599,1307890.377,13067.147,1.901,627754.514
325,325,liu etal,2010,domestic biomas.txt,0,4,-1.0,33343.3,5.49,1736.258,4.793,1341233.677,13970.832,2.008,641725.345
326,326,Ma etal,2008,microencapsulated phase.txt,0,12,-1.0,32069.444,1.83,575.702,4.724,1276283.334,13234.705,1.949,614687.367
327,327,maciel etal,2013,The impact.txt,4,39,-0.813953488372093,35283.025,0.88,308.95,4.893,1445959.229,15042.88,2.086,686499.147
328,328,madvar etal,2018,Analysis.txt,5,15,-0.5,36646.14,2.01,720.402,4.802,1625014.415,14718.145,1.929,759812.726
329,329,Maheshwari etal,2009,performance analysis.txt,0,0,,31607.042,-1.44,-462.402,4.599,1307890.377,13067.147,1.901,627754.514
330,330,maheshwari,2009,Performance.txt,0,0,,31607.042,-1.44,-462.402,4.599,1307890.377,13067.147,1.901,627754.514
331,331,mahmood etal,2019,Energy.txt,0,11,-1.0,36702.503,0.15,56.363,4.758,1661716.918,14573.219,1.889,774385.946
332,332,malakhov,2010,Economic.txt,2,2,0.0,33343.3,5.49,1736.258,4.793,1341233.677,13970.832,2.008,641725.345
333,333,maleki,2018,Modeling and optimum design.txt,0,5,-1.0,36646.14,2.01,720.402,4.802,1625014.415,14718.145,1.929,759812.726
334,334,man etal,2010,Operation.txt,2,16,-0.7777777777777778,33343.3,5.49,1736.258,4.793,1341233.677,13970.832,2.008,641725.345
335,335,marchetti,2010,Production.txt,0,4,-1.0,33343.3,5.49,1736.258,4.793,1341233.677,13970.832,2.008,641725.345
336,336,markus,2013,Advanced.txt,2,14,-0.75,35283.025,0.88,308.95,4.893,1445959.229,15042.88,2.086,686499.147
337,337,marquiz,2013,analysis.txt,0,3,-1.0,35283.025,0.88,308.95,4.893,1445959.229,15042.88,2.086,686499.147
338,338,maslennikov etal,2010,Advanced.txt,0,7,-1.0,33343.3,5.49,1736.258,4.793,1341233.677,13970.832,2.008,641725.345
339,339,mattera etal,2018,Online Energy Simulator.txt,0,16,-1.0,36646.14,2.01,720.402,4.802,1625014.415,14718.145,1.929,759812.726
340,340,mccarthy,2011,Comparison of the perfor.txt,1,11,-0.8333333333333334,34468.451,3.37,1125.151,4.895,1375702.128,14781.225,2.099,656506.57
341,341,mehrabian,2010,wet heat exchangers.txt,0,12,-1.0,33343.3,5.49,1736.258,4.793,1341233.677,13970.832,2.008,641725.345
342,342,mempouo,2010,Cod.txt,2,14,-0.75,33343.3,5.49,1736.258,4.793,1341233.677,13970.832,2.008,641725.345
343,343,meng etal,2010,Effects.txt,0,15,-1.0,33343.3,5.49,1736.258,4.793,1341233.677,13970.832,2.008,641725.345
344,344,meng etal,2010,Multiobjective analyses.txt,0,11,-1.0,33343.3,5.49,1736.258,4.793,1341233.677,13970.832,2.008,641725.345
345,345,Michel Gueldry,2018,Climate.txt,10,3,0.5384615384615384,36646.14,2.01,720.402,4.802,1625014.415,14718.145,1.929,759812.726
346,346,michelle,2013,A preliminary.txt,1,12,-0.8461538461538461,35283.025,0.88,308.95,4.893,1445959.229,15042.88,2.086,686499.147
347,347,mohamed,2011,Exploring.txt,1,4,-0.6,34468.451,3.37,1125.151,4.895,1375702.128,14781.225,2.099,656506.57
348,348,Mohammad etal,2020,wind farm.txt,1,6,-0.7142857142857143,34807.259,-5.16,-1895.244,4.465,1696524.177,13976.098,1.793,788362.044
349,349,mohan ,2011,Parametric.txt,0,3,-1.0,34468.451,3.37,1125.151,4.895,1375702.128,14781.225,2.099,656506.57
350,350,Mohan etal,2008,air cooled hydrogen storage.txt,0,10,-1.0,32069.444,1.83,575.702,4.724,1276283.334,13234.705,1.949,614687.367
351,351,mohan,2009,The performance.txt,0,21,-1.0,31607.042,-1.44,-462.402,4.599,1307890.377,13067.147,1.901,627754.514
352,352,mojahedi etal,2020,Designing p.txt,3,12,-0.6,34807.259,-5.16,-1895.244,4.465,1696524.177,13976.098,1.793,788362.044
353,353,Mojtaba,2018,natural.txt,0,16,-1.0,36646.14,2.01,720.402,4.802,1625014.415,14718.145,1.929,759812.726
354,354,molero,2013,Towards.txt,1,3,-0.5,35283.025,0.88,308.95,4.893,1445959.229,15042.88,2.086,686499.147
355,355,mortazavi etal,2019,Analysis.txt,0,4,-1.0,36702.503,0.15,56.363,4.758,1661716.918,14573.219,1.889,774385.946
356,356,moustafa etal,2018,Roof geometry.txt,3,17,-0.7,36646.14,2.01,720.402,4.802,1625014.415,14718.145,1.929,759812.726
357,357,Mudie etal,2013,comercial kitchen.txt,4,4,0.0,35283.025,0.88,308.95,4.893,1445959.229,15042.88,2.086,686499.147
358,358,mukherijee,2012,Estimation.txt,0,1,-1.0,34974.075,1.47,505.624,4.908,1410676.204,14949.697,2.098,671456.267
359,359,mumith,2016,Design.txt,0,11,-1.0,35452.459,-0.12,-43.947,4.75,1552442.538,14360.628,1.924,730640.879
360,360,Newton etal,2011,nanoparticle.txt,0,0,,34468.451,3.37,1125.151,4.895,1375702.128,14781.225,2.099,656506.57
361,361,niu etal,2010,Experimental study on a CO2.txt,0,10,-1.0,33343.3,5.49,1736.258,4.793,1341233.677,13970.832,2.008,641725.345
362,362,Noro and Lazzarin,2017,heat pump system.txt,2,19,-0.8095238095238095,35925.738,1.33,473.278,4.76,1588368.275,14453.702,1.915,745094.581
363,363,nwanya,2011,Climatechange.txt,0,5,-1.0,34468.451,3.37,1125.151,4.895,1375702.128,14781.225,2.099,656506.57
364,364,nygard,2012,Review.txt,2,3,-0.2,34974.075,1.47,505.624,4.908,1410676.204,14949.697,2.098,671456.267
365,365,oleg,2010,autonomous energy systems.txt,0,3,-1.0,33343.3,5.49,1736.258,4.793,1341233.677,13970.832,2.008,641725.345
366,366,Oleivera,2007,towards a renewable future.txt,0,1,-1.0,31493.742,2.98,910.212,4.696,1244213.89,12811.338,1.91,601452.662
367,367,oliveira,2016,Anovel.txt,1,2,-0.3333333333333333,35452.459,-0.12,-43.947,4.75,1552442.538,14360.628,1.924,730640.879
368,368,oliveira,2017,GHG.txt,0,5,-1.0,35925.738,1.33,473.278,4.76,1588368.275,14453.702,1.915,745094.581
369,369,omar and shaari,2009,Sizing verification.txt,0,2,-1.0,31607.042,-1.44,-462.402,4.599,1307890.377,13067.147,1.901,627754.514
370,370,ong,2011,Experimental.txt,4,8,-0.3333333333333333,34468.451,3.37,1125.151,4.895,1375702.128,14781.225,2.099,656506.57
371,371,ong,2014,Reverseflow.txt,2,8,-0.6,35534.443,0.71,251.418,4.871,1481493.672,15062.902,2.065,701562.049
372,372,ong,2016,Performance.txt,0,5,-1.0,35452.459,-0.12,-43.947,4.75,1552442.538,14360.628,1.924,730640.879
373,373,ong,2016,Review.txt,1,8,-0.7777777777777778,35452.459,-0.12,-43.947,4.75,1552442.538,14360.628,1.924,730640.879
374,374,ONG,2016,Reviewofsolar.txt,0,12,-1.0,35452.459,-0.12,-43.947,4.75,1552442.538,14360.628,1.924,730640.879
375,375,onyelowe,2019,Experimental.txt,0,3,-1.0,36702.503,0.15,56.363,4.758,1661716.918,14573.219,1.889,774385.946
376,376,onyelowe,2019,Recycling.txt,0,3,-1.0,36702.503,0.15,56.363,4.758,1661716.918,14573.219,1.889,774385.946
377,377,onyelowe,2019,Strength.txt,1,6,-0.7142857142857143,36702.503,0.15,56.363,4.758,1661716.918,14573.219,1.889,774385.946
378,378,opubo,2013,Ahigh.txt,0,2,-1.0,35283.025,0.88,308.95,4.893,1445959.229,15042.88,2.086,686499.147
379,379,oralli,2011,study.txt,1,7,-0.75,34468.451,3.37,1125.151,4.895,1375702.128,14781.225,2.099,656506.57
380,380,orhan etal,2011,Exergy analysis of heat exchangers.txt,4,4,0.0,34468.451,3.37,1125.151,4.895,1375702.128,14781.225,2.099,656506.57
381,381,ouelhazi,2020,Parametric.txt,5,15,-0.5,34807.259,-5.16,-1895.244,4.465,1696524.177,13976.098,1.793,788362.044
382,382,oyieke,2018,Interfacial.txt,0,3,-1.0,36646.14,2.01,720.402,4.802,1625014.415,14718.145,1.929,759812.726
383,383,oyieke,2019,Multilayered.txt,2,4,-0.3333333333333333,36702.503,0.15,56.363,4.758,1661716.918,14573.219,1.889,774385.946
384,384,oyieke,2020,Experimental.txt,0,5,-1.0,34807.259,-5.16,-1895.244,4.465,1696524.177,13976.098,1.793,788362.044
385,385,paine,2018,Evaluating.txt,0,12,-1.0,36646.14,2.01,720.402,4.802,1625014.415,14718.145,1.929,759812.726
386,386,pandey etal,2011,Experimental.txt,1,8,-0.7777777777777778,34468.451,3.37,1125.151,4.895,1375702.128,14781.225,2.099,656506.57
387,387,papadak,2013,Aparametric.txt,1,6,-0.7142857142857143,35283.025,0.88,308.95,4.893,1445959.229,15042.88,2.086,686499.147
388,388,patodi,2012,Performance.txt,0,0,,34974.075,1.47,505.624,4.908,1410676.204,14949.697,2.098,671456.267
389,389,petra etal,2010,advanced zero emission plant.txt,0,3,-1.0,33343.3,5.49,1736.258,4.793,1341233.677,13970.832,2.008,641725.345
390,390,petra,2010,advancedzero.txt,0,3,-1.0,33343.3,5.49,1736.258,4.793,1341233.677,13970.832,2.008,641725.345
391,391,pike and slater,2011,examination of their.txt,0,1,-1.0,34468.451,3.37,1125.151,4.895,1375702.128,14781.225,2.099,656506.57
392,392,pillai,2013,Study.txt,1,1,0.0,35283.025,0.88,308.95,4.893,1445959.229,15042.88,2.086,686499.147
393,393,pilpola,2019,Energy.txt,0,12,-1.0,36702.503,0.15,56.363,4.758,1661716.918,14573.219,1.889,774385.946
394,394,poese,2013,Performance.txt,0,15,-1.0,35283.025,0.88,308.95,4.893,1445959.229,15042.88,2.086,686499.147
395,395,Prabhakant etal,2009,Energy payback time.txt,2,4,-0.3333333333333333,31607.042,-1.44,-462.402,4.599,1307890.377,13067.147,1.901,627754.514
396,396,Prabhakant etal,2009,evaluation.txt,0,3,-1.0,31607.042,-1.44,-462.402,4.599,1307890.377,13067.147,1.901,627754.514
397,397,qi,2020,EER.txt,1,9,-0.8,34807.259,-5.16,-1895.244,4.465,1696524.177,13976.098,1.793,788362.044
398,398,qingyang,2020,Energy.txt,1,35,-0.9444444444444444,34807.259,-5.16,-1895.244,4.465,1696524.177,13976.098,1.793,788362.044
399,399,qiu,2012,Experimental.txt,2,10,-0.6666666666666666,34974.075,1.47,505.624,4.908,1410676.204,14949.697,2.098,671456.267
400,400,qiu,2018,Numerical.txt,9,16,-0.28,36646.14,2.01,720.402,4.802,1625014.415,14718.145,1.929,759812.726
401,401,rabah etal,2013,Experimental study of the urban.txt,3,20,-0.7391304347826086,35283.025,0.88,308.95,4.893,1445959.229,15042.88,2.086,686499.147
402,402,rahbar,2016,miniature.txt,0,17,-1.0,35452.459,-0.12,-43.947,4.75,1552442.538,14360.628,1.924,730640.879
403,403,raj,2020,Design.txt,3,6,-0.3333333333333333,34807.259,-5.16,-1895.244,4.465,1696524.177,13976.098,1.793,788362.044
404,404,ramadan etal,2016,Analysis.txt,0,14,-1.0,35452.459,-0.12,-43.947,4.75,1552442.538,14360.628,1.924,730640.879
405,405,ramezanizadeh,2019,Modeling.txt,2,8,-0.6,36702.503,0.15,56.363,4.758,1661716.918,14573.219,1.889,774385.946
406,406,ranjan,2013,Economic.txt,0,0,,35283.025,0.88,308.95,4.893,1445959.229,15042.88,2.086,686499.147
407,407,ranjan,2016,Energy.txt,0,6,-1.0,35452.459,-0.12,-43.947,4.75,1552442.538,14360.628,1.924,730640.879
408,408,rao,2012,Thermodynamic.txt,1,11,-0.8333333333333334,34974.075,1.47,505.624,4.908,1410676.204,14949.697,2.098,671456.267
409,409,rao,2013,Analysis.txt,0,7,-1.0,35283.025,0.88,308.95,4.893,1445959.229,15042.88,2.086,686499.147
410,410,ratlamwala,2012,Comparative.txt,0,16,-1.0,34974.075,1.47,505.624,4.908,1410676.204,14949.697,2.098,671456.267
411,411,Rattanongphisat,2008,Thermal separation.txt,2,14,-0.75,32069.444,1.83,575.702,4.724,1276283.334,13234.705,1.949,614687.367
412,412,reay,2013,are the process industries.txt,2,0,1.0,35283.025,0.88,308.95,4.893,1445959.229,15042.88,2.086,686499.147
413,413,reay,2015,Thermal energy storage.txt,0,5,-1.0,35496.406,-0.11,-38.037,4.81,1516990.078,14718.203,1.994,716280.251
414,414,Reddy etal,2016,Nanofluid and nanocomposite.txt,0,7,-1.0,35452.459,-0.12,-43.947,4.75,1552442.538,14360.628,1.924,730640.879
415,415,Reddy,2009,low carbon buildings.txt,0,9,-1.0,31607.042,-1.44,-462.402,4.599,1307890.377,13067.147,1.901,627754.514
416,416,redpath,2014,evacuated.txt,8,5,0.2307692307692307,35534.443,0.71,251.418,4.871,1481493.672,15062.902,2.065,701562.049
417,417,reinoso,2012,Study.txt,0,5,-1.0,34974.075,1.47,505.624,4.908,1410676.204,14949.697,2.098,671456.267
418,418,renato etal,2009,Energetic.txt,2,17,-0.7894736842105263,31607.042,-1.44,-462.402,4.599,1307890.377,13067.147,1.901,627754.514
419,419,Renato etal,2013,life cy.txt,1,6,-0.7142857142857143,35283.025,0.88,308.95,4.893,1445959.229,15042.88,2.086,686499.147
420,420,Renato Lazzarin,2007,Technological innovations.txt,3,12,-0.6,31493.742,2.98,910.212,4.696,1244213.89,12811.338,1.91,601452.662
421,421,Renzato etal,2007,system based on water.txt,0,6,-1.0,31493.742,2.98,910.212,4.696,1244213.89,12811.338,1.91,601452.662
422,422,rezaei,2018,Applying.txt,0,13,-1.0,36646.14,2.01,720.402,4.802,1625014.415,14718.145,1.929,759812.726
423,423,ricci etal,2014,development.txt,2,16,-0.7777777777777778,35534.443,0.71,251.418,4.871,1481493.672,15062.902,2.065,701562.049
424,424,riffat and qiu,2011,A review.txt,2,2,0.0,34468.451,3.37,1125.151,4.895,1375702.128,14781.225,2.099,656506.57
425,425,Riffat etal,2007,direct ground coupled absorber.txt,0,1,-1.0,31493.742,2.98,910.212,4.696,1244213.89,12811.338,1.91,601452.662
426,426,Riffat etal,2013,experimental investigation.txt,3,6,-0.3333333333333333,35283.025,0.88,308.95,4.893,1445959.229,15042.88,2.086,686499.147
427,427,Riffat etal,2013,thermodynamical cooling sys.txt,0,1,-1.0,35283.025,0.88,308.95,4.893,1445959.229,15042.88,2.086,686499.147
428,428,riffat,2011,Areview.txt,10,40,-0.6,34468.451,3.37,1125.151,4.895,1375702.128,14781.225,2.099,656506.57
429,429,riffat,2017,Overview.txt,0,6,-1.0,35925.738,1.33,473.278,4.76,1588368.275,14453.702,1.915,745094.581
430,430,rodrigues,2013,Anovel.txt,0,8,-1.0,35283.025,0.88,308.95,4.893,1445959.229,15042.88,2.086,686499.147
431,431,rodrigues,2016,Investigating.txt,2,16,-0.7777777777777778,35452.459,-0.12,-43.947,4.75,1552442.538,14360.628,1.924,730640.879
432,432,rogers,2011,Hydrogen.txt,2,0,1.0,34468.451,3.37,1125.151,4.895,1375702.128,14781.225,2.099,656506.57
433,433,rogers,2012,Yawanalysis.txt,0,11,-1.0,34974.075,1.47,505.624,4.908,1410676.204,14949.697,2.098,671456.267
434,434,Rojas,2013,Atrium building design.txt,10,9,0.0526315789473684,35283.025,0.88,308.95,4.893,1445959.229,15042.88,2.086,686499.147
435,435,Rosemann and Kaase,2013,combined daylight.txt,0,4,-1.0,35283.025,0.88,308.95,4.893,1445959.229,15042.88,2.086,686499.147
436,436,rossi,2012,Ethanol.txt,0,0,,34974.075,1.47,505.624,4.908,1410676.204,14949.697,2.098,671456.267
437,437,saad,2019,Numerical.txt,1,12,-0.8461538461538461,36702.503,0.15,56.363,4.758,1661716.918,14573.219,1.889,774385.946
438,438,sabitha,2011,global.txt,0,3,-1.0,34468.451,3.37,1125.151,4.895,1375702.128,14781.225,2.099,656506.57
439,439,safira,2020,Thermal.txt,0,1,-1.0,34807.259,-5.16,-1895.244,4.465,1696524.177,13976.098,1.793,788362.044
440,440,sahlot and riffat,2016,Desiccant cooling systems.txt,0,23,-1.0,35452.459,-0.12,-43.947,4.75,1552442.538,14360.628,1.924,730640.879
441,441,sahu,2017,parametric.txt,0,4,-1.0,35925.738,1.33,473.278,4.76,1588368.275,14453.702,1.915,745094.581
442,442,salman,2020,Thermal.txt,2,7,-0.5555555555555556,34807.259,-5.16,-1895.244,4.465,1696524.177,13976.098,1.793,788362.044
443,443,sampedro etal,2016,Spanish.txt,0,5,-1.0,35452.459,-0.12,-43.947,4.75,1552442.538,14360.628,1.924,730640.879
444,444,sandhu,2011,Investigations.txt,1,5,-0.6666666666666666,34468.451,3.37,1125.151,4.895,1375702.128,14781.225,2.099,656506.57
445,445,Santamouris,2008,built environment.txt,2,6,-0.5,32069.444,1.83,575.702,4.724,1276283.334,13234.705,1.949,614687.367
446,446,Santana,2020,wind glazing.txt,0,4,-1.0,34807.259,-5.16,-1895.244,4.465,1696524.177,13976.098,1.793,788362.044
447,447,sawant,2011,Performance.txt,0,27,-1.0,34468.451,3.37,1125.151,4.895,1375702.128,14781.225,2.099,656506.57
448,448,serran,2016,Rammed.txt,0,14,-1.0,35452.459,-0.12,-43.947,4.75,1552442.538,14360.628,1.924,730640.879
449,449,shakouri,2020,Thermodynamic.txt,0,10,-1.0,34807.259,-5.16,-1895.244,4.465,1696524.177,13976.098,1.793,788362.044
450,450,shamsapour,2020,Developing.txt,1,19,-0.9,34807.259,-5.16,-1895.244,4.465,1696524.177,13976.098,1.793,788362.044
451,451,shang etal,2016,Hybrid hydrogen.txt,0,2,-1.0,35452.459,-0.12,-43.947,4.75,1552442.538,14360.628,1.924,730640.879
452,452,shang,2020,Ruralecotourism.txt,3,12,-0.6,34807.259,-5.16,-1895.244,4.465,1696524.177,13976.098,1.793,788362.044
453,453,Shanmugapriya etal,2018,solar linear fresnel.txt,0,4,-1.0,36646.14,2.01,720.402,4.802,1625014.415,14718.145,1.929,759812.726
454,454,shao etal,2015,Wireless Energy.txt,0,5,-1.0,35496.406,-0.11,-38.037,4.81,1516990.078,14718.203,1.994,716280.251
455,455,shao,2019,Geological.txt,0,3,-1.0,36702.503,0.15,56.363,4.758,1661716.918,14573.219,1.889,774385.946
456,456,shatat,2015,retrofitting.txt,4,15,-0.5789473684210527,35496.406,-0.11,-38.037,4.81,1516990.078,14718.203,1.994,716280.251
457,457,shatat,2016,innovativepsychometric.txt,1,7,-0.75,35452.459,-0.12,-43.947,4.75,1552442.538,14360.628,1.924,730640.879
458,458,shattat,2012,Water.txt,1,9,-0.8,34974.075,1.47,505.624,4.908,1410676.204,14949.697,2.098,671456.267
459,459,shen etal,2013,Simulating.txt,1,9,-0.8,35283.025,0.88,308.95,4.893,1445959.229,15042.88,2.086,686499.147
460,460,Shilliday etal,2009,Comparative energy.txt,0,6,-1.0,31607.042,-1.44,-462.402,4.599,1307890.377,13067.147,1.901,627754.514
461,461,shuai,2018,Whatdo.txt,7,3,0.4,36646.14,2.01,720.402,4.802,1625014.415,14718.145,1.929,759812.726
462,462,shusheng,2020,lattice.txt,1,4,-0.6,34807.259,-5.16,-1895.244,4.465,1696524.177,13976.098,1.793,788362.044
463,463,sicre,2015,High.txt,0,3,-1.0,35496.406,-0.11,-38.037,4.81,1516990.078,14718.203,1.994,716280.251
464,464,sicre,2015,Highefficiency.txt,0,3,-1.0,35496.406,-0.11,-38.037,4.81,1516990.078,14718.203,1.994,716280.251
465,465,soares etal,2018,Evaluation of the performance.txt,0,14,-1.0,36646.14,2.01,720.402,4.802,1625014.415,14718.145,1.929,759812.726
466,466,soares etal,2018,Evaluation.txt,0,14,-1.0,36646.14,2.01,720.402,4.802,1625014.415,14718.145,1.929,759812.726
467,467,Someren etal,2017,lighting performance.txt,4,21,-0.68,35925.738,1.33,473.278,4.76,1588368.275,14453.702,1.915,745094.581
468,468,song,2013,Control.txt,1,7,-0.75,35283.025,0.88,308.95,4.893,1445959.229,15042.88,2.086,686499.147
469,469,Song,2020,coal dust.txt,0,1,-1.0,34807.259,-5.16,-1895.244,4.465,1696524.177,13976.098,1.793,788362.044
470,470,spataru,2010,Domestic energy and occupancy.txt,2,11,-0.6923076923076923,33343.3,5.49,1736.258,4.793,1341233.677,13970.832,2.008,641725.345
471,471,Spencer,2007,predicting light pipe transmittance.txt,1,7,-0.75,31493.742,2.98,910.212,4.696,1244213.89,12811.338,1.91,601452.662
472,472,srinivas,2020,anal.txt,9,9,0.0,34807.259,-5.16,-1895.244,4.465,1696524.177,13976.098,1.793,788362.044
473,473,srivastav etal,2009,energy.txt,4,10,-0.4285714285714285,31607.042,-1.44,-462.402,4.599,1307890.377,13067.147,1.901,627754.514
474,474,stafell,2011,Lower.txt,0,9,-1.0,34468.451,3.37,1125.151,4.895,1375702.128,14781.225,2.099,656506.57
475,475,steve,2011,Hydrogen.txt,1,2,-0.3333333333333333,34468.451,3.37,1125.151,4.895,1375702.128,14781.225,2.099,656506.57
476,476,su etal,2010,feasibility.txt,1,11,-0.8333333333333334,33343.3,5.49,1736.258,4.793,1341233.677,13970.832,2.008,641725.345
477,477,suetal,2018,Nanosilicon.txt,0,4,-1.0,36646.14,2.01,720.402,4.802,1625014.415,14718.145,1.929,759812.726
478,478,sukarno,2020,Multistage.txt,17,10,0.2592592592592592,34807.259,-5.16,-1895.244,4.465,1696524.177,13976.098,1.793,788362.044
479,479,Sultan etal,2020,vfa.txt,1,10,-0.8181818181818182,34807.259,-5.16,-1895.244,4.465,1696524.177,13976.098,1.793,788362.044
480,480,sun,2014,Existing.txt,1,12,-0.8461538461538461,35534.443,0.71,251.418,4.871,1481493.672,15062.902,2.065,701562.049
481,481,sun,2019,Investigation.txt,2,10,-0.6666666666666666,36702.503,0.15,56.363,4.758,1661716.918,14573.219,1.889,774385.946
482,482,Sun,2020,water shed water pollution.txt,3,3,0.0,34807.259,-5.16,-1895.244,4.465,1696524.177,13976.098,1.793,788362.044
483,483,sunetal,2019,Study.txt,1,7,-0.75,36702.503,0.15,56.363,4.758,1661716.918,14573.219,1.889,774385.946
484,484,symes,2013,enhanced.txt,0,12,-1.0,35283.025,0.88,308.95,4.893,1445959.229,15042.88,2.086,686499.147
485,485,taha,2013,Meteorological.txt,0,5,-1.0,35283.025,0.88,308.95,4.893,1445959.229,15042.88,2.086,686499.147
486,486,tamer,2013,Optimization.txt,1,10,-0.8181818181818182,35283.025,0.88,308.95,4.893,1445959.229,15042.88,2.086,686499.147
487,487,Tangka etal,2013,asorption solar.txt,0,9,-1.0,35283.025,0.88,308.95,4.893,1445959.229,15042.88,2.086,686499.147
488,488,tantasavasdi,2020,Impact.txt,14,36,-0.44,34807.259,-5.16,-1895.244,4.465,1696524.177,13976.098,1.793,788362.044
489,489,tao etal,2009,congregation.txt,0,25,-1.0,31607.042,-1.44,-462.402,4.599,1307890.377,13067.147,1.901,627754.514
490,490,tasi,2013,Control.txt,0,3,-1.0,35283.025,0.88,308.95,4.893,1445959.229,15042.88,2.086,686499.147
491,491,teixeira,2010,Temperature.txt,0,6,-1.0,33343.3,5.49,1736.258,4.793,1341233.677,13970.832,2.008,641725.345
492,492,Tham etal,2009,clear sky radiation data.txt,1,17,-0.8888888888888888,31607.042,-1.44,-462.402,4.599,1307890.377,13067.147,1.901,627754.514
493,493,tham,2011,Energy.txt,6,9,-0.2,34468.451,3.37,1125.151,4.895,1375702.128,14781.225,2.099,656506.57
494,494,TiezhouWu etal,2020,coordinated control.txt,0,12,-1.0,34807.259,-5.16,-1895.244,4.465,1696524.177,13976.098,1.793,788362.044
495,495,tiwari,2019,Entrans.txt,0,2,-1.0,36702.503,0.15,56.363,4.758,1661716.918,14573.219,1.889,774385.946
496,496,tolooiyan,2012,preliminary.txt,1,11,-0.8333333333333334,34974.075,1.47,505.624,4.908,1410676.204,14949.697,2.098,671456.267
497,497,trevor,2016,Design.txt,1,5,-0.6666666666666666,35452.459,-0.12,-43.947,4.75,1552442.538,14360.628,1.924,730640.879
498,498,tu,2020,Comparative.txt,0,42,-1.0,34807.259,-5.16,-1895.244,4.465,1696524.177,13976.098,1.793,788362.044
499,499,Tufail,2020,confined rubberized concrete.txt,2,16,-0.7777777777777778,34807.259,-5.16,-1895.244,4.465,1696524.177,13976.098,1.793,788362.044
500,500,Utlu and Onal,2017,waste heat recovery.txt,0,7,-1.0,35925.738,1.33,473.278,4.76,1588368.275,14453.702,1.915,745094.581
501,501,utlu,2019,Thermophotovoltaic.txt,0,2,-1.0,36702.503,0.15,56.363,4.758,1661716.918,14573.219,1.889,774385.946
502,502,vadodaria,2012,Inuseenergy.txt,0,2,-1.0,34974.075,1.47,505.624,4.908,1410676.204,14949.697,2.098,671456.267
503,503,Vakilabadi etal,2018,renewable power gen.txt,0,11,-1.0,36646.14,2.01,720.402,4.802,1625014.415,14718.145,1.929,759812.726
504,504,valdiserri,2018,Evaluation.txt,2,11,-0.6923076923076923,36646.14,2.01,720.402,4.802,1625014.415,14718.145,1.929,759812.726
505,505,Varga etal,2009,cooling system.txt,0,0,,31607.042,-1.44,-462.402,4.599,1307890.377,13067.147,1.901,627754.514
506,506,varga,2010,Comparison.txt,0,3,-1.0,33343.3,5.49,1736.258,4.793,1341233.677,13970.832,2.008,641725.345
507,507,varga,2013,Readdressing.txt,11,15,-0.1538461538461538,35283.025,0.88,308.95,4.893,1445959.229,15042.88,2.086,686499.147
508,508,varga,2017,Ontheselection.txt,10,25,-0.4285714285714285,35925.738,1.33,473.278,4.76,1588368.275,14453.702,1.915,745094.581
509,509,varo,2013,Design.txt,0,2,-1.0,35283.025,0.88,308.95,4.893,1445959.229,15042.88,2.086,686499.147
510,510,Vasiliev etal,2008,activated carbon.txt,0,8,-1.0,32069.444,1.83,575.702,4.724,1276283.334,13234.705,1.949,614687.367
511,511,Vasiliev etal,2009,efficiency of fuel cells.txt,1,6,-0.7142857142857143,31607.042,-1.44,-462.402,4.599,1307890.377,13067.147,1.901,627754.514
512,512,veselov,2010,Impact.txt,0,4,-1.0,33343.3,5.49,1736.258,4.793,1341233.677,13970.832,2.008,641725.345
513,513,victor,2013,loop heat.txt,0,1,-1.0,35283.025,0.88,308.95,4.893,1445959.229,15042.88,2.086,686499.147
514,514,Vivek,2008,energy and exergy.txt,0,3,-1.0,32069.444,1.83,575.702,4.724,1276283.334,13234.705,1.949,614687.367
515,515,Vivekh etal,2015,Desalination.txt,5,6,-0.0909090909090909,35496.406,-0.11,-38.037,4.81,1516990.078,14718.203,1.994,716280.251
516,516,wajid,2019,Review.txt,0,4,-1.0,36702.503,0.15,56.363,4.758,1661716.918,14573.219,1.889,774385.946
517,517,walnum,2011,Offdesign.txt,0,6,-1.0,34468.451,3.37,1125.151,4.895,1375702.128,14781.225,2.099,656506.57
518,518,wang and chi,2011,A laboratory.txt,0,5,-1.0,34468.451,3.37,1125.151,4.895,1375702.128,14781.225,2.099,656506.57
519,519,wang etal,2010,intercooled.txt,0,4,-1.0,33343.3,5.49,1736.258,4.793,1341233.677,13970.832,2.008,641725.345
520,520,wang etal,2010,pyrolysis process of corn straw.txt,0,5,-1.0,33343.3,5.49,1736.258,4.793,1341233.677,13970.832,2.008,641725.345
521,521,Wang etal,2013,power and efficiency.txt,0,3,-1.0,35283.025,0.88,308.95,4.893,1445959.229,15042.88,2.086,686499.147
522,522,Wang etal,2013,power and power density.txt,0,5,-1.0,35283.025,0.88,308.95,4.893,1445959.229,15042.88,2.086,686499.147
523,523,wang etal,2020,equalization.txt,3,10,-0.5384615384615384,34807.259,-5.16,-1895.244,4.465,1696524.177,13976.098,1.793,788362.044
524,524,wang etal,2020,Study on.txt,0,4,-1.0,34807.259,-5.16,-1895.244,4.465,1696524.177,13976.098,1.793,788362.044
525,525,wang,2014,Performanc.txt,2,7,-0.5555555555555556,35534.443,0.71,251.418,4.871,1481493.672,15062.902,2.065,701562.049
526,526,wang,2017,Microstructure.txt,1,0,1.0,35925.738,1.33,473.278,4.76,1588368.275,14453.702,1.915,745094.581
527,527,wang,2019,Performance.txt,0,2,-1.0,36702.503,0.15,56.363,4.758,1661716.918,14573.219,1.889,774385.946
528,528,wangabdullah,2011,Investigating.txt,2,13,-0.7333333333333333,34468.451,3.37,1125.151,4.895,1375702.128,14781.225,2.099,656506.57
529,529,wangetal,2012,Superhydrophobic.txt,1,10,-0.8181818181818182,34974.075,1.47,505.624,4.908,1410676.204,14949.697,2.098,671456.267
530,530,wangetal,2012,Thermal.txt,0,20,-1.0,34974.075,1.47,505.624,4.908,1410676.204,14949.697,2.098,671456.267
531,531,wangetal,2013,Failure.txt,2,17,-0.7894736842105263,35283.025,0.88,308.95,4.893,1445959.229,15042.88,2.086,686499.147
532,532,wangetal,2014,Feasibility.txt,28,20,0.1666666666666666,35534.443,0.71,251.418,4.871,1481493.672,15062.902,2.065,701562.049
533,533,wangetal,2019,Fault.txt,5,7,-0.1666666666666666,36702.503,0.15,56.363,4.758,1661716.918,14573.219,1.889,774385.946
534,534,wangetal,2019,Research.txt,1,2,-0.3333333333333333,36702.503,0.15,56.363,4.758,1661716.918,14573.219,1.889,774385.946
535,535,wangetal,2019,Study.txt,7,3,0.4,36702.503,0.15,56.363,4.758,1661716.918,14573.219,1.889,774385.946
536,536,wangetal,2020,Research.txt,0,23,-1.0,34807.259,-5.16,-1895.244,4.465,1696524.177,13976.098,1.793,788362.044
537,537,wangetal,2020,Sound.txt,2,16,-0.7777777777777778,34807.259,-5.16,-1895.244,4.465,1696524.177,13976.098,1.793,788362.044
538,538,wei,2014,CatalyticCO2.txt,0,5,-1.0,35534.443,0.71,251.418,4.871,1481493.672,15062.902,2.065,701562.049
539,539,whiffen,2012,Areview.txt,1,3,-0.5,34974.075,1.47,505.624,4.908,1410676.204,14949.697,2.098,671456.267
540,540,whiffen,2012,review.txt,0,3,-1.0,34974.075,1.47,505.624,4.908,1410676.204,14949.697,2.098,671456.267
541,541,wongwatcharapa,2019,filtrative.txt,1,12,-0.8461538461538461,36702.503,0.15,56.363,4.758,1661716.918,14573.219,1.889,774385.946
542,542,woo etal,2009,The performance.txt,0,3,-1.0,31607.042,-1.44,-462.402,4.599,1307890.377,13067.147,1.901,627754.514
543,543,wood etal,2010,residential building.txt,0,4,-1.0,33343.3,5.49,1736.258,4.793,1341233.677,13970.832,2.008,641725.345
544,544,worall,2011,CO2compression.txt,0,2,-1.0,34468.451,3.37,1125.151,4.895,1375702.128,14781.225,2.099,656506.57
545,545,wu etal,2010,thermoacoustic refrigeration.txt,0,9,-1.0,33343.3,5.49,1736.258,4.793,1341233.677,13970.832,2.008,641725.345
546,546,wu etal,2011,Hydrogen.txt,0,9,-1.0,34468.451,3.37,1125.151,4.895,1375702.128,14781.225,2.099,656506.57
547,547,wu etal,2011,Prediction.txt,0,4,-1.0,34468.451,3.37,1125.151,4.895,1375702.128,14781.225,2.099,656506.57
548,548,wuetal,2018,Indoor.txt,0,0,,36646.14,2.01,720.402,4.802,1625014.415,14718.145,1.929,759812.726
549,549,wuetal,2020,Application.txt,1,9,-0.8,34807.259,-5.16,-1895.244,4.465,1696524.177,13976.098,1.793,788362.044
550,550,wuxiong,2014,Passive.txt,1,3,-0.5,35534.443,0.71,251.418,4.871,1481493.672,15062.902,2.065,701562.049
551,551,xia,2016,Endoreversible.txt,0,7,-1.0,35452.459,-0.12,-43.947,4.75,1552442.538,14360.628,1.924,730640.879
552,552,xiaetal,2010,Ecological.txt,0,5,-1.0,33343.3,5.49,1736.258,4.793,1341233.677,13970.832,2.008,641725.345
553,553,xiang,2015,Optimization.txt,1,23,-0.9166666666666666,35496.406,-0.11,-38.037,4.81,1516990.078,14718.203,1.994,716280.251
554,554,xiao etal,2010,retrofitted direct gain solar house.txt,0,2,-1.0,33343.3,5.49,1736.258,4.793,1341233.677,13970.832,2.008,641725.345
555,555,xiao,2012,reactive.txt,1,5,-0.6666666666666666,34974.075,1.47,505.624,4.908,1410676.204,14949.697,2.098,671456.267
556,556,xie etal,2008,Syngas CO.txt,0,6,-1.0,32069.444,1.83,575.702,4.724,1276283.334,13234.705,1.949,614687.367
557,557,yadav etal,2020,Sustainable.txt,1,5,-0.6666666666666666,34807.259,-5.16,-1895.244,4.465,1696524.177,13976.098,1.793,788362.044
558,558,yadav,2012,On the suitability.txt,0,2,-1.0,34974.075,1.47,505.624,4.908,1410676.204,14949.697,2.098,671456.267
559,559,yali,2014,Simulation.txt,0,3,-1.0,35534.443,0.71,251.418,4.871,1481493.672,15062.902,2.065,701562.049
560,560,yan etal,2020,energy.txt,1,5,-0.6666666666666666,34807.259,-5.16,-1895.244,4.465,1696524.177,13976.098,1.793,788362.044
561,561,yandri,2018,Uniformity.txt,1,8,-0.7777777777777778,36646.14,2.01,720.402,4.802,1625014.415,14718.145,1.929,759812.726
562,562,Yang and Yutong,2007,photovoltaic application.txt,3,10,-0.5384615384615384,31493.742,2.98,910.212,4.696,1244213.89,12811.338,1.91,601452.662
563,563,Yang etal,2013,ecobuilding.txt,1,8,-0.7777777777777778,35283.025,0.88,308.95,4.893,1445959.229,15042.88,2.086,686499.147
564,564,yang,2012,heat.txt,2,2,0.0,34974.075,1.47,505.624,4.908,1410676.204,14949.697,2.098,671456.267
565,565,yang,2012,Performance.txt,1,4,-0.6,34974.075,1.47,505.624,4.908,1410676.204,14949.697,2.098,671456.267
566,566,yang,2020,policy.txt,0,15,-1.0,34807.259,-5.16,-1895.244,4.465,1696524.177,13976.098,1.793,788362.044
567,567,Yee Chow,2009,zero carbon targets.txt,0,4,-1.0,31607.042,-1.44,-462.402,4.599,1307890.377,13067.147,1.901,627754.514
568,568,yi etal,2009,atriums in subtropical climate.txt,2,20,-0.8181818181818182,31607.042,-1.44,-462.402,4.599,1307890.377,13067.147,1.901,627754.514
569,569,Yolanda,2020,determining.txt,0,4,-1.0,34807.259,-5.16,-1895.244,4.465,1696524.177,13976.098,1.793,788362.044
570,570,you,2020,Influences.txt,2,14,-0.75,34807.259,-5.16,-1895.244,4.465,1696524.177,13976.098,1.793,788362.044
571,571,yu,2018,Theeconomic.txt,0,11,-1.0,36646.14,2.01,720.402,4.802,1625014.415,14718.145,1.929,759812.726
572,572,Yuanlong etal,2020,heating systems for.txt,0,12,-1.0,34807.259,-5.16,-1895.244,4.465,1696524.177,13976.098,1.793,788362.044
573,573,zeinelabdein,2018,Free.txt,0,5,-1.0,36646.14,2.01,720.402,4.802,1625014.415,14718.145,1.929,759812.726
574,574,zeng,2012,Problems.txt,0,1,-1.0,34974.075,1.47,505.624,4.908,1410676.204,14949.697,2.098,671456.267
575,575,zhai,2016,Sensitivity.txt,0,8,-1.0,35452.459,-0.12,-43.947,4.75,1552442.538,14360.628,1.924,730640.879
576,576,zhan,2010,Numerical.txt,1,21,-0.9090909090909092,33343.3,5.49,1736.258,4.793,1341233.677,13970.832,2.008,641725.345
577,577,zhang etal,2010,performanc.txt,0,6,-1.0,33343.3,5.49,1736.258,4.793,1341233.677,13970.832,2.008,641725.345
578,578,zhang etal,2012,sordption.txt,7,5,0.1666666666666666,34974.075,1.47,505.624,4.908,1410676.204,14949.697,2.098,671456.267
579,579,Zhang etal,2015,heat transfer of energy.txt,1,9,-0.8,35496.406,-0.11,-38.037,4.81,1516990.078,14718.203,1.994,716280.251
580,580,Zhang etal,2016,indoor air thermal.txt,0,7,-1.0,35452.459,-0.12,-43.947,4.75,1552442.538,14360.628,1.924,730640.879
581,581,Zhang etal,2017,liquid dessicant cycle.txt,0,1,-1.0,35925.738,1.33,473.278,4.76,1588368.275,14453.702,1.915,745094.581
582,582,Zhang etal,2018,revolutio.txt,0,9,-1.0,36646.14,2.01,720.402,4.802,1625014.415,14718.145,1.929,759812.726
583,583,zhang,2012,Enhanced Hea.txt,0,0,,34974.075,1.47,505.624,4.908,1410676.204,14949.697,2.098,671456.267
584,584,Zhang,2020,reconfigurable equilibrium.txt,6,1,0.7142857142857143,34807.259,-5.16,-1895.244,4.465,1696524.177,13976.098,1.793,788362.044
585,585,zhang,2020,Res.txt,12,2,0.7142857142857143,34807.259,-5.16,-1895.244,4.465,1696524.177,13976.098,1.793,788362.044
586,586,zhangetal,2012,Gascleaning.txt,0,11,-1.0,34974.075,1.47,505.624,4.908,1410676.204,14949.697,2.098,671456.267
587,587,zhangetal,2013,Theoretical.txt,0,0,,35283.025,0.88,308.95,4.893,1445959.229,15042.88,2.086,686499.147
588,588,zhangetal,2017,Annual.txt,0,15,-1.0,35925.738,1.33,473.278,4.76,1588368.275,14453.702,1.915,745094.581
589,589,zhangetal,2020,Capacity.txt,0,4,-1.0,34807.259,-5.16,-1895.244,4.465,1696524.177,13976.098,1.793,788362.044
590,590,zhangetal,2020,Discrete.txt,0,6,-1.0,34807.259,-5.16,-1895.244,4.465,1696524.177,13976.098,1.793,788362.044
591,591,Zhao etal,2008,power and gas cogeneration.txt,0,4,-1.0,32069.444,1.83,575.702,4.724,1276283.334,13234.705,1.949,614687.367
592,592,zhao,2014,Calculations.txt,1,7,-0.75,35534.443,0.71,251.418,4.871,1481493.672,15062.902,2.065,701562.049
593,593,zhaoetal,2009,Dynamic performance.txt,1,2,-0.3333333333333333,31607.042,-1.44,-462.402,4.599,1307890.377,13067.147,1.901,627754.514
594,594,Zheng,2018,solar.txt,0,5,-1.0,36646.14,2.01,720.402,4.802,1625014.415,14718.145,1.929,759812.726
595,595,zhong,2019,Technology.txt,3,27,-0.8,36702.503,0.15,56.363,4.758,1661716.918,14573.219,1.889,774385.946
596,596,zhou,2009,thermocapillary.txt,0,16,-1.0,31607.042,-1.44,-462.402,4.599,1307890.377,13067.147,1.901,627754.514
597,597,zhou,2012,Research.txt,2,3,-0.2,34974.075,1.47,505.624,4.908,1410676.204,14949.697,2.098,671456.267
598,598,zhou,2018,Optimization analyses.txt,0,4,-1.0,36646.14,2.01,720.402,4.802,1625014.415,14718.145,1.929,759812.726
599,599,zhou,2020,Cross.txt,0,40,-1.0,34807.259,-5.16,-1895.244,4.465,1696524.177,13976.098,1.793,788362.044
600,600,zhu,2012,Asimulation.txt,3,13,-0.625,34974.075,1.47,505.624,4.908,1410676.204,14949.697,2.098,671456.267
601,601,zhu,2016,Performance.txt,0,6,-1.0,35452.459,-0.12,-43.947,4.75,1552442.538,14360.628,1.924,730640.879
602,602,zhu,2020,The influence.txt,0,2,-1.0,34807.259,-5.16,-1895.244,4.465,1696524.177,13976.098,1.793,788362.044
603,603,Zhuetal,2020,aerolastic.txt,4,20,-0.6666666666666666,34807.259,-5.16,-1895.244,4.465,1696524.177,13976.098,1.793,788362.044
604,604,zishang,2012,Assessment.txt,1,9,-0.8,34974.075,1.47,505.624,4.908,1410676.204,14949.697,2.098,671456.267
605,605,Zisisetal,2006,heat.txt,0,2,-1.0,30583.53,3.31,980.753,4.617,1212720.149,12222.242,1.845,588641.324
606,606,Zurigat,2007,Typical.txt,2,9,-0.6363636363636364,31493.742,2.98,910.212,4.696,1244213.89,12811.338,1.91,601452.662
